scope,outer_fold,stage,configuration_id,base_configuration_id,motif_configuration_id,motif_descriptor,c_value,source_group_exponent,descriptor_dimensions,complexity_rank,is_exact_reference,eligible,eligibility_failures,eligible_selection_rank,selected,evaluated_examples,fit_count,maximum_iterations,accuracy,macro_f1,balanced_accuracy,source_group_balanced_accuracy,ceramic_worst_group_recall,robustness_score,readiness_score,minimum_fold_readiness_score,hard_three_accuracy,opishnyan_recall,bubnivka_recall,bubnivka_precision,ceramic_macro_f1,per_class_recall_json,per_class_group_recall_json
outer_inner_oof,0,base,global_cls__c10__source0,global_cls__c10__source0,,not_applicable,10.0,0.0,0,6,True,True,,3,False,1193,4,89,0.8885163453478625,0.8746480078605039,0.8836561504943858,0.8744821807803177,0.49337715855573,0.630839036081641,,,,0.6166666666666667,0.8941176470588236,,,"{""01_opishnyan_ceramics"":0.6166666666666667,""02_ornek"":0.9772079772079773,""03_bubnivka_ceramics"":0.8941176470588236,""04_petrykivka_painting"":0.9615384615384616,""05_kosiv_ceramics"":0.96875}","{""01_opishnyan_ceramics"":0.49337715855573,""02_ornek"":0.9769452449567724,""03_bubnivka_ceramics"":0.9491384432560903,""04_petrykivka_painting"":0.9726631393298059,""05_kosiv_ceramics"":0.9802869178031897}"
outer_inner_oof,0,base,global_cls__c10__source0p5,global_cls__c10__source0p5,,not_applicable,10.0,0.5,0,6,False,True,,2,False,1193,4,90,0.8968985750209556,0.8845177361527325,0.8906570961718021,0.8844054444766198,0.5707744636316064,0.6937919365039391,,,,0.6666666666666666,0.8823529411764706,,,"{""01_opishnyan_ceramics"":0.6666666666666666,""02_ornek"":0.9829059829059829,""03_bubnivka_ceramics"":0.8823529411764706,""04_petrykivka_painting"":0.9615384615384616,""05_kosiv_ceramics"":0.9598214285714286}","{""01_opishnyan_ceramics"":0.5707744636316064,""02_ornek"":0.9827089337175793,""03_bubnivka_ceramics"":0.9275698158051099,""04_petrykivka_painting"":0.9726631393298059,""05_kosiv_ceramics"":0.9683108698989981}"
outer_inner_oof,0,base,three_view_cls_logit_ensemble__c100__source0p5,three_view_cls_logit_ensemble__c100__source0p5,,not_applicable,100.0,0.5,0,8,False,True,,1,True,1193,12,116,0.8977367979882649,0.8843022609087914,0.891936334362805,0.8944667447157819,0.6003573494174999,0.7184787643003917,,,,0.6416666666666667,0.888235294117647,,,"{""01_opishnyan_ceramics"":0.6416666666666667,""02_ornek"":0.9857549857549858,""03_bubnivka_ceramics"":0.888235294117647,""04_petrykivka_painting"":0.9663461538461539,""05_kosiv_ceramics"":0.9776785714285714}","{""01_opishnyan_ceramics"":0.6003573494174999,""02_ornek"":0.9855907780979827,""03_bubnivka_ceramics"":0.9269162210338681,""04_petrykivka_painting"":0.9779541446208112,""05_kosiv_ceramics"":0.9815152304087478}"
outer_inner_oof,0,motif,motif_none,three_view_cls_logit_ensemble__c100__source0p5,motif_none,none,,0.5,0,0,True,True,,3,False,1193,0,0,0.8977367979882649,0.8843022609087914,0.891936334362805,0.8944667447157819,0.6003573494174999,0.7184787643003917,0.7490219119424874,0.6605248908953227,0.5869565217391305,0.6416666666666667,0.888235294117647,0.722488038277512,0.8229204091463305,"{""01_opishnyan_ceramics"":0.6416666666666667,""02_ornek"":0.9857549857549858,""03_bubnivka_ceramics"":0.888235294117647,""04_petrykivka_painting"":0.9663461538461539,""05_kosiv_ceramics"":0.9776785714285714}","{""01_opishnyan_ceramics"":0.6003573494174999,""02_ornek"":0.9855907780979827,""03_bubnivka_ceramics"":0.9269162210338681,""04_petrykivka_painting"":0.9779541446208112,""05_kosiv_ceramics"":0.9815152304087478}"
outer_inner_oof,0,motif,motif_uniform_mean__c1__source0p5,three_view_cls_logit_ensemble__c100__source0p5,motif_uniform_mean__c1__source0p5,uniform_mean,1.0,0.5,384,1,False,False,recall_drop:02_ornek|recall_drop:05_kosiv_ceramics,,False,1193,12,57,0.8977367979882649,0.8875615475719372,0.8925135567047331,0.9160439726430496,0.7190607012035584,0.8056869163641049,0.7893586706441761,0.6082471913826254,0.6467391304347826,0.7,0.8705882352941177,0.74,0.8306181568223105,"{""01_opishnyan_ceramics"":0.7,""02_ornek"":0.9658119658119658,""03_bubnivka_ceramics"":0.8705882352941177,""04_petrykivka_painting"":0.9663461538461539,""05_kosiv_ceramics"":0.9598214285714286}","{""01_opishnyan_ceramics"":0.7190607012035584,""02_ornek"":0.9654178674351584,""03_bubnivka_ceramics"":0.9452168746286392,""04_petrykivka_painting"":0.9829512051734274,""05_kosiv_ceramics"":0.9675732147744646}"
outer_inner_oof,0,motif,motif_uniform_mean__c10__source0p5,three_view_cls_logit_ensemble__c100__source0p5,motif_uniform_mean__c10__source0p5,uniform_mean,10.0,0.5,384,1,False,False,recall_drop:05_kosiv_ceramics,,False,1193,12,79,0.9019279128248114,0.8899785082649746,0.8958972264119323,0.899380009608494,0.6079940579470655,0.7255235623962785,0.7618222736827793,0.6211717778210422,0.6195652173913043,0.6666666666666666,0.8823529411764706,0.7281553398058253,0.8305036689580994,"{""01_opishnyan_ceramics"":0.6666666666666666,""02_ornek"":0.9857549857549858,""03_bubnivka_ceramics"":0.8823529411764706,""04_petrykivka_painting"":0.9759615384615384,""05_kosiv_ceramics"":0.96875}","{""01_opishnyan_ceramics"":0.6079940579470655,""02_ornek"":0.9855907780979827,""03_bubnivka_ceramics"":0.9452168746286395,""04_petrykivka_painting"":0.9835390946502057,""05_kosiv_ceramics"":0.9745592427185762}"
outer_inner_oof,0,motif,motif_texture_weighted_mean__c1__source0p5,three_view_cls_logit_ensemble__c100__source0p5,motif_texture_weighted_mean__c1__source0p5,texture_weighted_mean,1.0,0.5,384,2,False,False,recall_drop:02_ornek|recall_drop:05_kosiv_ceramics,,False,1193,12,61,0.8960603520536463,0.8864851264836979,0.8909512138188609,0.9035972199820355,0.6857339089481946,0.7797333639215517,0.789012582791895,0.6144643317973801,0.6684782608695652,0.7125,0.8588235294117647,0.7525773195876289,0.8298468489479726,"{""01_opishnyan_ceramics"":0.7125,""02_ornek"":0.9572649572649573,""03_bubnivka_ceramics"":0.8588235294117647,""04_petrykivka_painting"":0.9663461538461539,""05_kosiv_ceramics"":0.9598214285714286}","{""01_opishnyan_ceramics"":0.6857339089481946,""02_ornek"":0.9567723342939481,""03_bubnivka_ceramics"":0.9249554367201426,""04_petrykivka_painting"":0.9829512051734274,""05_kosiv_ceramics"":0.9675732147744646}"
outer_inner_oof,0,motif,motif_texture_weighted_mean__c10__source0p5,three_view_cls_logit_ensemble__c100__source0p5,motif_texture_weighted_mean__c10__source0p5,texture_weighted_mean,10.0,0.5,384,2,False,True,,2,False,1193,12,82,0.9069572506286673,0.8953758359192016,0.9004892085039143,0.9017826043637195,0.608084428103225,0.7263685443240572,0.7688925739862871,0.6348089984737522,0.6304347826086957,0.675,0.8823529411764706,0.746268656716418,0.8394444442155109,"{""01_opishnyan_ceramics"":0.675,""02_ornek"":0.9914529914529915,""03_bubnivka_ceramics"":0.8823529411764706,""04_petrykivka_painting"":0.9759615384615384,""05_kosiv_ceramics"":0.9776785714285714}","{""01_opishnyan_ceramics"":0.608084428103225,""02_ornek"":0.9913544668587896,""03_bubnivka_ceramics"":0.9451574569221628,""04_petrykivka_painting"":0.9835390946502057,""05_kosiv_ceramics"":0.980777575284214}"
outer_inner_oof,0,motif,motif_texture_top2_mean__c1__source0p5,three_view_cls_logit_ensemble__c100__source0p5,motif_texture_top2_mean__c1__source0p5,texture_top2_mean,1.0,0.5,384,3,False,False,recall_drop:02_ornek|recall_drop:05_kosiv_ceramics,,False,1193,12,58,0.8952221290863369,0.8855388095757514,0.8894717673394144,0.9059168653079128,0.685897435897436,0.7807016868493157,0.7879665482284187,0.604844575629958,0.6630434782608695,0.7083333333333334,0.8588235294117647,0.7564766839378239,0.8281938965256374,"{""01_opishnyan_ceramics"":0.7083333333333334,""02_ornek"":0.9629629629629629,""03_bubnivka_ceramics"":0.8588235294117647,""04_petrykivka_painting"":0.9663461538461539,""05_kosiv_ceramics"":0.9508928571428571}","{""01_opishnyan_ceramics"":0.685897435897436,""02_ornek"":0.962536023054755,""03_bubnivka_ceramics"":0.9426024955436721,""04_petrykivka_painting"":0.9829512051734274,""05_kosiv_ceramics"":0.955597166870273}"
outer_inner_oof,0,motif,motif_texture_top2_mean__c10__source0p5,three_view_cls_logit_ensemble__c100__source0p5,motif_texture_top2_mean__c10__source0p5,texture_top2_mean,10.0,0.5,384,3,False,True,,1,True,1193,12,82,0.9086336965632859,0.8977001380967679,0.9028492721875075,0.9088628741369552,0.6455889035776253,0.7549308313431928,0.7815451981048613,0.6488305479690799,0.6413043478260869,0.6875,0.8941176470588236,0.7487684729064039,0.8445422697970201,"{""01_opishnyan_ceramics"":0.6875,""02_ornek"":0.9886039886039886,""03_bubnivka_ceramics"":0.8941176470588236,""04_petrykivka_painting"":0.9663461538461539,""05_kosiv_ceramics"":0.9776785714285714}","{""01_opishnyan_ceramics"":0.6455889035776253,""02_ornek"":0.9884726224783862,""03_bubnivka_ceramics"":0.946524064171123,""04_petrykivka_painting"":0.9829512051734274,""05_kosiv_ceramics"":0.980777575284214}"
outer_inner_oof,0,motif,motif_texture_dispersion__c1__source0p5,three_view_cls_logit_ensemble__c100__source0p5,motif_texture_dispersion__c1__source0p5,texture_dispersion,1.0,0.5,384,4,False,False,accuracy_drop|macro_f1_drop|source_robustness_drop|recall_drop:02_ornek|recall_drop:04_petrykivka_painting|recall_drop:05_kosiv_ceramics,,False,1193,12,85,0.8717518860016764,0.8617347723804432,0.8672897364073835,0.8669089826493963,0.6054585295656725,0.7129706863913847,0.746940376405705,0.6092285636884623,0.6086956521739131,0.6583333333333333,0.8588235294117647,0.7336683417085427,0.8018068931470377,"{""01_opishnyan_ceramics"":0.6583333333333333,""02_ornek"":0.9401709401709402,""03_bubnivka_ceramics"":0.8588235294117647,""04_petrykivka_painting"":0.9326923076923077,""05_kosiv_ceramics"":0.9464285714285714}","{""01_opishnyan_ceramics"":0.6054585295656725,""02_ornek"":0.9394812680115274,""03_bubnivka_ceramics"":0.8883541295306001,""04_petrykivka_painting"":0.9459141681363903,""05_kosiv_ceramics"":0.9553368180027905}"
outer_inner_oof,0,motif,motif_texture_dispersion__c10__source0p5,three_view_cls_logit_ensemble__c100__source0p5,motif_texture_dispersion__c10__source0p5,texture_dispersion,10.0,0.5,384,4,False,False,accuracy_drop|macro_f1_drop|source_robustness_drop|opishnyan_group_recall_drop|recall_drop:02_ornek|recall_drop:05_kosiv_ceramics,,False,1193,12,133,0.8893545683151718,0.8762092056595483,0.88440987933635,0.8746701432686732,0.5295992384808175,0.6597375800074691,0.728437215390731,0.6369825364210437,0.5815217391304348,0.6291666666666667,0.888235294117647,0.719047619047619,0.8114041304537034,"{""01_opishnyan_ceramics"":0.6291666666666667,""02_ornek"":0.9743589743589743,""03_bubnivka_ceramics"":0.888235294117647,""04_petrykivka_painting"":0.9615384615384616,""05_kosiv_ceramics"":0.96875}","{""01_opishnyan_ceramics"":0.5295992384808175,""02_ornek"":0.9740634005763689,""03_bubnivka_ceramics"":0.9282234105763517,""04_petrykivka_painting"":0.9726631393298059,""05_kosiv_ceramics"":0.9688015273800225}"
outer_inner_oof,1,base,global_cls__c10__source0,global_cls__c10__source0,,not_applicable,10.0,0.0,0,6,True,True,,3,False,1449,4,98,0.9123533471359558,0.9093464328123695,0.9285729808879714,0.848784920108382,0.441563107821487,0.5809163095267502,,,,0.8145161290322581,0.9058823529411765,,,"{""01_opishnyan_ceramics"":0.8145161290322581,""02_ornek"":0.9829059829059829,""03_bubnivka_ceramics"":0.9058823529411765,""04_petrykivka_painting"":0.9663461538461539,""05_kosiv_ceramics"":0.9732142857142857}","{""01_opishnyan_ceramics"":0.441563107821487,""02_ornek"":0.9827089337175793,""03_bubnivka_ceramics"":0.861904761904762,""04_petrykivka_painting"":0.9879482657260436,""05_kosiv_ceramics"":0.9697995313720386}"
outer_inner_oof,1,base,global_cls__c10__source0p5,global_cls__c10__source0p5,,not_applicable,10.0,0.5,0,6,False,True,,1,True,1449,4,94,0.9089026915113871,0.9055107050155893,0.9200174201194125,0.855782836680284,0.4900332451376008,0.6232085442537443,,,,0.8266129032258065,0.8647058823529412,,,"{""01_opishnyan_ceramics"":0.8266129032258065,""02_ornek"":0.9743589743589743,""03_bubnivka_ceramics"":0.8647058823529412,""04_petrykivka_painting"":0.9567307692307693,""05_kosiv_ceramics"":0.9776785714285714}","{""01_opishnyan_ceramics"":0.4900332451376008,""02_ornek"":0.9740634005763689,""03_bubnivka_ceramics"":0.8566666666666666,""04_petrykivka_painting"":0.9823633156966491,""05_kosiv_ceramics"":0.9757875553241343}"
outer_inner_oof,1,base,three_view_cls_logit_ensemble__c100__source0p5,three_view_cls_logit_ensemble__c100__source0p5,,not_applicable,100.0,0.5,0,8,False,True,,2,False,1449,12,121,0.917184265010352,0.912660755753938,0.9273919749868516,0.862689291713721,0.48945283328790584,0.6245581884758001,,,,0.8387096774193549,0.8764705882352941,,,"{""01_opishnyan_ceramics"":0.8387096774193549,""02_ornek"":0.9829059829059829,""03_bubnivka_ceramics"":0.8764705882352941,""04_petrykivka_painting"":0.9567307692307693,""05_kosiv_ceramics"":0.9821428571428571}","{""01_opishnyan_ceramics"":0.48945283328790584,""02_ornek"":0.9827089337175793,""03_bubnivka_ceramics"":0.8821428571428571,""04_petrykivka_painting"":0.977366255144033,""05_kosiv_ceramics"":0.9817755792762302}"
outer_inner_oof,1,motif,motif_none,global_cls__c10__source0p5,motif_none,none,,0.5,0,0,True,True,,5,False,1449,0,0,0.9089026915113871,0.9055107050155893,0.9200174201194125,0.855782836680284,0.4900332451376008,0.6232085442537443,0.7537823553478481,0.6609243511760742,0.625,0.8266129032258065,0.8647058823529412,0.7135922330097088,0.8632364404973979,"{""01_opishnyan_ceramics"":0.8266129032258065,""02_ornek"":0.9743589743589743,""03_bubnivka_ceramics"":0.8647058823529412,""04_petrykivka_painting"":0.9567307692307693,""05_kosiv_ceramics"":0.9776785714285714}","{""01_opishnyan_ceramics"":0.4900332451376008,""02_ornek"":0.9740634005763689,""03_bubnivka_ceramics"":0.8566666666666666,""04_petrykivka_painting"":0.9823633156966491,""05_kosiv_ceramics"":0.9757875553241343}"
outer_inner_oof,1,motif,motif_uniform_mean__c1__source0p5,global_cls__c10__source0p5,motif_uniform_mean__c1__source0p5,uniform_mean,1.0,0.5,384,1,False,False,recall_drop:02_ornek,,False,1449,4,63,0.9130434782608695,0.911225637039346,0.925931722978687,0.8772312368968619,0.5807227207238551,0.6988260609080561,0.7799863556782127,0.6761960948840324,0.6358695652173914,0.8326612903225806,0.8823529411764706,0.7009345794392523,0.8692313832400039,"{""01_opishnyan_ceramics"":0.8326612903225806,""02_ornek"":0.9658119658119658,""03_bubnivka_ceramics"":0.8823529411764706,""04_petrykivka_painting"":0.9711538461538461,""05_kosiv_ceramics"":0.9776785714285714}","{""01_opishnyan_ceramics"":0.5807227207238551,""02_ornek"":0.9654178674351584,""03_bubnivka_ceramics"":0.8652380952380951,""04_petrykivka_painting"":0.9882422104644326,""05_kosiv_ceramics"":0.9865352906227679}"
outer_inner_oof,1,motif,motif_uniform_mean__c10__source0p5,global_cls__c10__source0p5,motif_uniform_mean__c10__source0p5,uniform_mean,10.0,0.5,384,1,False,True,,1,True,1449,4,74,0.9289164941338854,0.9258127763547689,0.9390845908255775,0.8948654442532822,0.5837651364817881,0.7065879131725482,0.7968787528187747,0.7198453659305895,0.6684782608695652,0.8528225806451613,0.888235294117647,0.722488038277512,0.8861636431656924,"{""01_opishnyan_ceramics"":0.8528225806451613,""02_ornek"":0.9914529914529915,""03_bubnivka_ceramics"":0.888235294117647,""04_petrykivka_painting"":0.9807692307692307,""05_kosiv_ceramics"":0.9821428571428571}","{""01_opishnyan_ceramics"":0.5837651364817881,""02_ornek"":0.9913544668587896,""03_bubnivka_ceramics"":0.9128571428571429,""04_petrykivka_painting"":0.993827160493827,""05_kosiv_ceramics"":0.9925233145748636}"
outer_inner_oof,1,motif,motif_texture_weighted_mean__c1__source0p5,global_cls__c10__source0p5,motif_texture_weighted_mean__c1__source0p5,texture_weighted_mean,1.0,0.5,384,2,False,False,recall_drop:02_ornek,,False,1449,4,60,0.9137336093857833,0.9106853809549346,0.9231338452116441,0.8765872074721568,0.5863788883866016,0.7026987621195887,0.7871672007329367,0.6661191297133583,0.6630434782608695,0.842741935483871,0.8647058823529412,0.7170731707317073,0.8703762110452206,"{""01_opishnyan_ceramics"":0.842741935483871,""02_ornek"":0.9686609686609686,""03_bubnivka_ceramics"":0.8647058823529412,""04_petrykivka_painting"":0.9663461538461539,""05_kosiv_ceramics"":0.9732142857142857}","{""01_opishnyan_ceramics"":0.5863788883866016,""02_ornek"":0.968299711815562,""03_bubnivka_ceramics"":0.8597619047619047,""04_petrykivka_painting"":0.9879482657260436,""05_kosiv_ceramics"":0.980547266670672}"
outer_inner_oof,1,motif,motif_texture_weighted_mean__c10__source0p5,global_cls__c10__source0p5,motif_texture_weighted_mean__c10__source0p5,texture_weighted_mean,10.0,0.5,384,2,False,True,,2,False,1449,4,81,0.9268461007591442,0.9231183941757548,0.9352804798511629,0.8916132999207503,0.5854530501762807,0.7068033551533432,0.7973673404190379,0.7057006686103552,0.6739130434782609,0.8548387096774194,0.8764705882352941,0.7303921568627451,0.8837507080294641,"{""01_opishnyan_ceramics"":0.8548387096774194,""02_ornek"":0.9914529914529915,""03_bubnivka_ceramics"":0.8764705882352941,""04_petrykivka_painting"":0.9759615384615384,""05_kosiv_ceramics"":0.9776785714285714}","{""01_opishnyan_ceramics"":0.5854530501762807,""02_ornek"":0.9913544668587896,""03_bubnivka_ceramics"":0.9011904761904762,""04_petrykivka_painting"":0.993533215755438,""05_kosiv_ceramics"":0.9865352906227679}"
outer_inner_oof,1,motif,motif_texture_top2_mean__c1__source0p5,global_cls__c10__source0p5,motif_texture_top2_mean__c1__source0p5,texture_top2_mean,1.0,0.5,384,3,False,False,recall_drop:02_ornek|recall_drop:05_kosiv_ceramics,,False,1449,4,58,0.9102829537612146,0.9073016360282992,0.9208532479713695,0.871344670649955,0.5844811151072494,0.6996503424059843,0.7811866589381098,0.6527313729014659,0.6467391304347826,0.8366935483870968,0.8647058823529412,0.7101449275362319,0.8653442427196124,"{""01_opishnyan_ceramics"":0.8366935483870968,""02_ornek"":0.9629629629629629,""03_bubnivka_ceramics"":0.8647058823529412,""04_petrykivka_painting"":0.9711538461538461,""05_kosiv_ceramics"":0.96875}","{""01_opishnyan_ceramics"":0.5844811151072494,""02_ornek"":0.962536023054755,""03_bubnivka_ceramics"":0.8469047619047618,""04_petrykivka_painting"":0.9882422104644326,""05_kosiv_ceramics"":0.9745592427185762}"
outer_inner_oof,1,motif,motif_texture_top2_mean__c10__source0p5,global_cls__c10__source0p5,motif_texture_top2_mean__c10__source0p5,texture_top2_mean,10.0,0.5,384,3,False,True,,3,False,1449,4,76,0.9233954451345756,0.919466475941707,0.9312079059635986,0.8899857691894144,0.5843565589482105,0.7054928989976821,0.7938592657891134,0.704392038794594,0.6684782608695652,0.8528225806451613,0.8705882352941177,0.7254901960784313,0.8802515202552631,"{""01_opishnyan_ceramics"":0.8528225806451613,""02_ornek"":0.9886039886039886,""03_bubnivka_ceramics"":0.8705882352941177,""04_petrykivka_painting"":0.9663461538461539,""05_kosiv_ceramics"":0.9776785714285714}","{""01_opishnyan_ceramics"":0.5843565589482105,""02_ornek"":0.9884726224783862,""03_bubnivka_ceramics"":0.8976190476190476,""04_petrykivka_painting"":0.9929453262786597,""05_kosiv_ceramics"":0.9865352906227679}"
outer_inner_oof,1,motif,motif_texture_dispersion__c1__source0p5,global_cls__c10__source0p5,motif_texture_dispersion__c1__source0p5,texture_dispersion,1.0,0.5,384,4,False,False,accuracy_drop|macro_f1_drop|recall_drop:02_ornek|recall_drop:04_petrykivka_painting|recall_drop:05_kosiv_ceramics,,False,1449,4,85,0.8909592822636301,0.8872861955223783,0.8999560785163252,0.8408551670102534,0.535569797338173,0.6543569654007516,0.7547452135488192,0.6790158494374519,0.625,0.8225806451612904,0.8470588235294118,0.6956521739130435,0.8439113679945471,"{""01_opishnyan_ceramics"":0.8225806451612904,""02_ornek"":0.9458689458689459,""03_bubnivka_ceramics"":0.8470588235294118,""04_petrykivka_painting"":0.9423076923076923,""05_kosiv_ceramics"":0.9419642857142857}","{""01_opishnyan_ceramics"":0.535569797338173,""02_ornek"":0.9452449567723343,""03_bubnivka_ceramics"":0.8126190476190476,""04_petrykivka_painting"":0.961493239271017,""05_kosiv_ceramics"":0.9493487940506947}"
outer_inner_oof,1,motif,motif_texture_dispersion__c10__source0p5,global_cls__c10__source0p5,motif_texture_dispersion__c10__source0p5,texture_dispersion,10.0,0.5,384,4,False,True,,4,False,1449,4,131,0.9130434782608695,0.9091123288030157,0.9217118875396864,0.8526123814610245,0.49616334252223543,0.6272874007729332,0.7650950467428239,0.6855604762871118,0.6630434782608695,0.842741935483871,0.8647058823529412,0.7241379310344828,0.871470009479757,"{""01_opishnyan_ceramics"":0.842741935483871,""02_ornek"":0.9715099715099715,""03_bubnivka_ceramics"":0.8647058823529412,""04_petrykivka_painting"":0.9519230769230769,""05_kosiv_ceramics"":0.9776785714285714}","{""01_opishnyan_ceramics"":0.49616334252223543,""02_ornek"":0.9711815561959655,""03_bubnivka_ceramics"":0.8428571428571429,""04_petrykivka_painting"":0.9770723104056438,""05_kosiv_ceramics"":0.9757875553241343}"
outer_inner_oof,2,base,global_cls__c10__source0,global_cls__c10__source0,,not_applicable,10.0,0.0,0,6,True,True,,3,False,1423,4,98,0.9149683766690091,0.9127257013101812,0.9302922743019739,0.8635224368491701,0.450726767974629,0.5922966140759944,,,,0.8127659574468085,0.9117647058823529,,,"{""01_opishnyan_ceramics"":0.8127659574468085,""02_ornek"":0.9829059829059829,""03_bubnivka_ceramics"":0.9117647058823529,""04_petrykivka_painting"":0.9663461538461539,""05_kosiv_ceramics"":0.9776785714285714}","{""01_opishnyan_ceramics"":0.450726767974629,""02_ornek"":0.9827089337175793,""03_bubnivka_ceramics"":0.9304347826086957,""04_petrykivka_painting"":0.9779541446208112,""05_kosiv_ceramics"":0.9757875553241343}"
outer_inner_oof,2,base,global_cls__c10__source0p5,global_cls__c10__source0p5,,not_applicable,10.0,0.5,0,6,False,True,,2,False,1423,4,94,0.9205903021784961,0.91751999843171,0.930692774927756,0.883105689320128,0.567725155933284,0.6911368293762307,,,,0.8382978723404255,0.888235294117647,,,"{""01_opishnyan_ceramics"":0.8382978723404255,""02_ornek"":0.9829059829059829,""03_bubnivka_ceramics"":0.888235294117647,""04_petrykivka_painting"":0.9663461538461539,""05_kosiv_ceramics"":0.9776785714285714}","{""01_opishnyan_ceramics"":0.567725155933284,""02_ornek"":0.9827089337175793,""03_bubnivka_ceramics"":0.9113526570048309,""04_petrykivka_painting"":0.9779541446208112,""05_kosiv_ceramics"":0.9757875553241343}"
outer_inner_oof,2,base,three_view_cls_logit_ensemble__c100__source0p5,three_view_cls_logit_ensemble__c100__source0p5,,not_applicable,100.0,0.5,0,8,False,True,,1,True,1423,12,121,0.9276177090653549,0.924650961028666,0.9371302466249276,0.8867370470492494,0.56773031004947,0.6922499789308818,,,,0.851063829787234,0.9,,,"{""01_opishnyan_ceramics"":0.851063829787234,""02_ornek"":0.9857549857549858,""03_bubnivka_ceramics"":0.9,""04_petrykivka_painting"":0.9711538461538461,""05_kosiv_ceramics"":0.9776785714285714}","{""01_opishnyan_ceramics"":0.56773031004947,""02_ornek"":0.9855907780979827,""03_bubnivka_ceramics"":0.9263285024154589,""04_petrykivka_painting"":0.9782480893592005,""05_kosiv_ceramics"":0.9757875553241343}"
outer_inner_oof,2,motif,motif_none,three_view_cls_logit_ensemble__c100__source0p5,motif_none,none,,0.5,0,0,True,True,,4,False,1423,0,0,0.9276177090653549,0.924650961028666,0.9371302466249276,0.8867370470492494,0.56773031004947,0.6922499789308818,0.8009265797218622,0.6936164869151337,0.6956521739130435,0.851063829787234,0.9,0.7463414634146341,0.8890031202569163,"{""01_opishnyan_ceramics"":0.851063829787234,""02_ornek"":0.9857549857549858,""03_bubnivka_ceramics"":0.9,""04_petrykivka_painting"":0.9711538461538461,""05_kosiv_ceramics"":0.9776785714285714}","{""01_opishnyan_ceramics"":0.56773031004947,""02_ornek"":0.9855907780979827,""03_bubnivka_ceramics"":0.9263285024154589,""04_petrykivka_painting"":0.9782480893592005,""05_kosiv_ceramics"":0.9757875553241343}"
outer_inner_oof,2,motif,motif_uniform_mean__c1__source0p5,three_view_cls_logit_ensemble__c100__source0p5,motif_uniform_mean__c1__source0p5,uniform_mean,1.0,0.5,384,1,False,False,accuracy_drop|macro_f1_drop|recall_drop:02_ornek|recall_drop:05_kosiv_ceramics,,False,1423,12,58,0.9191848208011244,0.9166791948992149,0.9277919973226606,0.8917722217336819,0.6469910012494923,0.7499121294404215,0.8104720874454254,0.7032963586318416,0.6956521739130435,0.8468085106382979,0.8823529411764706,0.7317073170731707,0.8768539818161901,"{""01_opishnyan_ceramics"":0.8468085106382979,""02_ornek"":0.9743589743589743,""03_bubnivka_ceramics"":0.8823529411764706,""04_petrykivka_painting"":0.9711538461538461,""05_kosiv_ceramics"":0.9642857142857143}","{""01_opishnyan_ceramics"":0.6469910012494923,""02_ornek"":0.9740634005763689,""03_bubnivka_ceramics"":0.8859903381642512,""04_petrykivka_painting"":0.9832451499118164,""05_kosiv_ceramics"":0.9685712187664804}"
outer_inner_oof,2,motif,motif_uniform_mean__c10__source0p5,three_view_cls_logit_ensemble__c100__source0p5,motif_uniform_mean__c10__source0p5,uniform_mean,10.0,0.5,384,1,False,True,,3,False,1423,12,80,0.9283204497540407,0.9253462990060723,0.938911405078489,0.8929930954677137,0.5750485812548297,0.699591054888179,0.8008338316389728,0.7205808488864752,0.6956521739130435,0.8489361702127659,0.9058823529411765,0.7264150943396226,0.888400560552594,"{""01_opishnyan_ceramics"":0.8489361702127659,""02_ornek"":0.9857549857549858,""03_bubnivka_ceramics"":0.9058823529411765,""04_petrykivka_painting"":0.9807692307692307,""05_kosiv_ceramics"":0.9732142857142857}","{""01_opishnyan_ceramics"":0.5750485812548297,""02_ornek"":0.9855907780979827,""03_bubnivka_ceramics"":0.929951690821256,""04_petrykivka_painting"":0.993827160493827,""05_kosiv_ceramics"":0.980547266670672}"
outer_inner_oof,2,motif,motif_texture_weighted_mean__c1__source0p5,three_view_cls_logit_ensemble__c100__source0p5,motif_texture_weighted_mean__c1__source0p5,texture_weighted_mean,1.0,0.5,384,2,False,False,accuracy_drop|macro_f1_drop|recall_drop:02_ornek|recall_drop:05_kosiv_ceramics,,False,1423,12,62,0.9184820801124385,0.9158721466151816,0.9263319132890473,0.8907274756265101,0.6476149955538081,0.7499610535031522,0.8117722804630536,0.6952284704556939,0.7010869565217391,0.8468085106382979,0.8705882352941177,0.7437185929648241,0.8780130465642131,"{""01_opishnyan_ceramics"":0.8468085106382979,""02_ornek"":0.9743589743589743,""03_bubnivka_ceramics"":0.8705882352941177,""04_petrykivka_painting"":0.9711538461538461,""05_kosiv_ceramics"":0.96875}","{""01_opishnyan_ceramics"":0.6476149955538081,""02_ornek"":0.9740634005763689,""03_bubnivka_ceramics"":0.8741545893719808,""04_petrykivka_painting"":0.9832451499118164,""05_kosiv_ceramics"":0.9745592427185762}"
outer_inner_oof,2,motif,motif_texture_weighted_mean__c10__source0p5,three_view_cls_logit_ensemble__c100__source0p5,motif_texture_weighted_mean__c10__source0p5,texture_weighted_mean,10.0,0.5,384,2,False,True,,1,True,1423,12,87,0.9311314125087843,0.9284603165869448,0.940046305847307,0.8987331947560809,0.6125065905416568,0.7285144426213009,0.8164031259293952,0.7376028744968443,0.717391304347826,0.8574468085106383,0.8941176470588236,0.7524752475247525,0.8927951844897404,"{""01_opishnyan_ceramics"":0.8574468085106383,""02_ornek"":0.9857549857549858,""03_bubnivka_ceramics"":0.8941176470588236,""04_petrykivka_painting"":0.9807692307692307,""05_kosiv_ceramics"":0.9821428571428571}","{""01_opishnyan_ceramics"":0.6125065905416568,""02_ornek"":0.9855907780979827,""03_bubnivka_ceramics"":0.914975845410628,""04_petrykivka_painting"":0.993827160493827,""05_kosiv_ceramics"":0.9867655992363099}"
outer_inner_oof,2,motif,motif_texture_top2_mean__c1__source0p5,three_view_cls_logit_ensemble__c100__source0p5,motif_texture_top2_mean__c1__source0p5,texture_top2_mean,1.0,0.5,384,3,False,False,accuracy_drop|macro_f1_drop|recall_drop:02_ornek,,False,1423,12,59,0.9177793394237527,0.9154352636736895,0.9256934314005653,0.8935051496865837,0.6478215658034818,0.7510826865015405,0.8134073846393319,0.698001423292489,0.7065217391304348,0.8468085106382979,0.8705882352941177,0.7474747474747475,0.8795035827685785,"{""01_opishnyan_ceramics"":0.8468085106382979,""02_ornek"":0.9715099715099715,""03_bubnivka_ceramics"":0.8705882352941177,""04_petrykivka_painting"":0.9663461538461539,""05_kosiv_ceramics"":0.9732142857142857}","{""01_opishnyan_ceramics"":0.6478215658034818,""02_ornek"":0.9711815561959655,""03_bubnivka_ceramics"":0.885024154589372,""04_petrykivka_painting"":0.9829512051734274,""05_kosiv_ceramics"":0.980547266670672}"
outer_inner_oof,2,motif,motif_texture_top2_mean__c10__source0p5,three_view_cls_logit_ensemble__c100__source0p5,motif_texture_top2_mean__c10__source0p5,texture_top2_mean,10.0,0.5,384,3,False,True,,2,False,1423,12,82,0.9311314125087843,0.9285037583062957,0.9392953671739654,0.8917090564492944,0.577868990795164,0.7012775041100557,0.8088675316377433,0.7319461600007081,0.7228260869565217,0.8595744680851064,0.888235294117647,0.7512437810945274,0.8928675873553252,"{""01_opishnyan_ceramics"":0.8595744680851064,""02_ornek"":0.9857549857549858,""03_bubnivka_ceramics"":0.888235294117647,""04_petrykivka_painting"":0.9807692307692307,""05_kosiv_ceramics"":0.9821428571428571}","{""01_opishnyan_ceramics"":0.577868990795164,""02_ornek"":0.9855907780979827,""03_bubnivka_ceramics"":0.9144927536231884,""04_petrykivka_painting"":0.993827160493827,""05_kosiv_ceramics"":0.9867655992363099}"
outer_inner_oof,2,motif,motif_texture_dispersion__c1__source0p5,three_view_cls_logit_ensemble__c100__source0p5,motif_texture_dispersion__c1__source0p5,texture_dispersion,1.0,0.5,384,4,False,False,accuracy_drop|macro_f1_drop|source_robustness_drop|recall_drop:02_ornek|recall_drop:04_petrykivka_painting|recall_drop:05_kosiv_ceramics,,False,1423,12,90,0.9016163035839775,0.8992864821881854,0.9101008306577768,0.8618586819906533,0.5700980674972768,0.6862553205385943,0.7779806378261597,0.7063353597050148,0.6739130434782609,0.8297872340425532,0.8529411764705882,0.7107843137254902,0.8586472358238336,"{""01_opishnyan_ceramics"":0.8297872340425532,""02_ornek"":0.9515669515669516,""03_bubnivka_ceramics"":0.8529411764705882,""04_petrykivka_painting"":0.9519230769230769,""05_kosiv_ceramics"":0.9642857142857143}","{""01_opishnyan_ceramics"":0.5700980674972768,""02_ornek"":0.9510086455331412,""03_bubnivka_ceramics"":0.8632850241545894,""04_petrykivka_painting"":0.9670781893004115,""05_kosiv_ceramics"":0.957823483467847}"
outer_inner_oof,2,motif,motif_texture_dispersion__c10__source0p5,three_view_cls_logit_ensemble__c100__source0p5,motif_texture_dispersion__c10__source0p5,texture_dispersion,10.0,0.5,384,4,False,False,accuracy_drop|macro_f1_drop|source_robustness_drop|opishnyan_group_recall_drop|recall_drop:04_petrykivka_painting,,False,1423,12,138,0.9184820801124385,0.9147768809912649,0.9288801726364305,0.8682909130503493,0.4939452193227796,0.6296825275592602,0.7655107788963098,0.659915601962701,0.657608695652174,0.8340425531914893,0.888235294117647,0.7089201877934272,0.875141719970259,"{""01_opishnyan_ceramics"":0.8340425531914893,""02_ornek"":0.9829059829059829,""03_bubnivka_ceramics"":0.888235294117647,""04_petrykivka_painting"":0.9615384615384616,""05_kosiv_ceramics"":0.9776785714285714}","{""01_opishnyan_ceramics"":0.4939452193227796,""02_ornek"":0.9827089337175793,""03_bubnivka_ceramics"":0.9113526570048309,""04_petrykivka_painting"":0.977660199882422,""05_kosiv_ceramics"":0.9757875553241343}"
outer_inner_oof,3,base,global_cls__c10__source0,global_cls__c10__source0,,not_applicable,10.0,0.0,0,6,True,True,,3,False,1351,4,89,0.9370836417468542,0.9370879608496828,0.9479975133478382,0.8749616205141239,0.5072921690581664,0.6422281952297657,,,,0.8387909319899244,0.9532163742690059,,,"{""01_opishnyan_ceramics"":0.8387909319899244,""02_ornek"":0.9857549857549858,""03_bubnivka_ceramics"":0.9532163742690059,""04_petrykivka_painting"":0.9711538461538461,""05_kosiv_ceramics"":0.9910714285714286}","{""01_opishnyan_ceramics"":0.5072921690581664,""02_ornek"":0.9855907780979827,""03_bubnivka_ceramics"":0.9166666666666666,""04_petrykivka_painting"":0.9711538461538461,""05_kosiv_ceramics"":0.9941046425939573}"
outer_inner_oof,3,base,global_cls__c10__source0p5,global_cls__c10__source0p5,,not_applicable,10.0,0.5,0,6,False,True,,2,False,1351,4,82,0.9385640266469282,0.9385338991253324,0.9468292655684939,0.8892040012897182,0.5863635132643303,0.7067067783238882,,,,0.8564231738035264,0.9415204678362573,,,"{""01_opishnyan_ceramics"":0.8564231738035264,""02_ornek"":0.9829059829059829,""03_bubnivka_ceramics"":0.9415204678362573,""04_petrykivka_painting"":0.9711538461538461,""05_kosiv_ceramics"":0.9821428571428571}","{""01_opishnyan_ceramics"":0.5863635132643303,""02_ornek"":0.9827089337175793,""03_bubnivka_ceramics"":0.9229885057471264,""04_petrykivka_painting"":0.9711538461538461,""05_kosiv_ceramics"":0.9828052075657087}"
outer_inner_oof,3,base,three_view_cls_logit_ensemble__c100__source0p5,three_view_cls_logit_ensemble__c100__source0p5,,not_applicable,100.0,0.5,0,8,False,True,,1,True,1351,12,118,0.9415247964470762,0.9424770213368809,0.9506040790095543,0.8936572063353797,0.5848328744686018,0.7069917066829373,,,,0.853904282115869,0.9415204678362573,,,"{""01_opishnyan_ceramics"":0.853904282115869,""02_ornek"":0.9857549857549858,""03_bubnivka_ceramics"":0.9415204678362573,""04_petrykivka_painting"":0.9807692307692307,""05_kosiv_ceramics"":0.9910714285714286}","{""01_opishnyan_ceramics"":0.5848328744686018,""02_ornek"":0.9855907780979827,""03_bubnivka_ceramics"":0.9229885057471264,""04_petrykivka_painting"":0.9807692307692307,""05_kosiv_ceramics"":0.9941046425939573}"
outer_inner_oof,3,motif,motif_none,three_view_cls_logit_ensemble__c100__source0p5,motif_none,none,,0.5,0,0,True,True,,1,True,1351,0,0,0.9415247964470762,0.9424770213368809,0.9506040790095543,0.8936572063353797,0.5848328744686018,0.7069917066829373,0.8347510294620105,0.7658484876619497,0.7375,0.853904282115869,0.9415204678362573,0.8655913978494624,0.9214766720264995,"{""01_opishnyan_ceramics"":0.853904282115869,""02_ornek"":0.9857549857549858,""03_bubnivka_ceramics"":0.9415204678362573,""04_petrykivka_painting"":0.9807692307692307,""05_kosiv_ceramics"":0.9910714285714286}","{""01_opishnyan_ceramics"":0.5848328744686018,""02_ornek"":0.9855907780979827,""03_bubnivka_ceramics"":0.9229885057471264,""04_petrykivka_painting"":0.9807692307692307,""05_kosiv_ceramics"":0.9941046425939573}"
outer_inner_oof,3,motif,motif_uniform_mean__c1__source0p5,three_view_cls_logit_ensemble__c100__source0p5,motif_uniform_mean__c1__source0p5,uniform_mean,1.0,0.5,384,1,False,False,recall_drop:02_ornek|recall_drop:05_kosiv_ceramics,,False,1351,12,63,0.9444855662472242,0.9453427004635981,0.9515922494777062,0.8996973602980054,0.6640168771682903,0.7640964279376683,0.8688138240945507,0.8274989796656266,0.8375,0.8916876574307305,0.9473684210526315,0.8526315789473684,0.925076400976678,"{""01_opishnyan_ceramics"":0.8916876574307305,""02_ornek"":0.9601139601139601,""03_bubnivka_ceramics"":0.9473684210526315,""04_petrykivka_painting"":0.9855769230769231,""05_kosiv_ceramics"":0.9732142857142857}","{""01_opishnyan_ceramics"":0.6640168771682903,""02_ornek"":0.9596541786743515,""03_bubnivka_ceramics"":0.906896551724138,""04_petrykivka_painting"":0.9855769230769231,""05_kosiv_ceramics"":0.9823422708463239}"
outer_inner_oof,3,motif,motif_uniform_mean__c10__source0p5,three_view_cls_logit_ensemble__c100__source0p5,motif_uniform_mean__c10__source0p5,uniform_mean,10.0,0.5,384,1,False,False,recall_drop:05_kosiv_ceramics,,False,1351,12,81,0.9585492227979274,0.9584582559495877,0.9637259902538968,0.9151309138808438,0.6632740513023118,0.7691088182192851,0.8769000464597367,0.815188604111042,0.8125,0.9042821158690176,0.9532163742690059,0.8858695652173914,0.941711134034709,"{""01_opishnyan_ceramics"":0.9042821158690176,""02_ornek"":0.9886039886039886,""03_bubnivka_ceramics"":0.9532163742690059,""04_petrykivka_painting"":0.9903846153846154,""05_kosiv_ceramics"":0.9821428571428571}","{""01_opishnyan_ceramics"":0.6632740513023118,""02_ornek"":0.9884726224783862,""03_bubnivka_ceramics"":0.939881574364333,""04_petrykivka_painting"":0.9903846153846154,""05_kosiv_ceramics"":0.9936417058745725}"
outer_inner_oof,3,motif,motif_texture_weighted_mean__c1__source0p5,three_view_cls_logit_ensemble__c100__source0p5,motif_texture_weighted_mean__c1__source0p5,texture_weighted_mean,1.0,0.5,384,2,False,False,recall_drop:02_ornek|recall_drop:05_kosiv_ceramics,,False,1351,12,59,0.9400444115470022,0.9408521051820988,0.9460680593386414,0.8953475222339193,0.664456708273146,0.7628132502123929,0.8684205683490392,0.8309910984039554,0.85,0.8866498740554156,0.935672514619883,0.8648648648648649,0.9209704974045599,"{""01_opishnyan_ceramics"":0.8866498740554156,""02_ornek"":0.9629629629629629,""03_bubnivka_ceramics"":0.935672514619883,""04_petrykivka_painting"":0.9807692307692307,""05_kosiv_ceramics"":0.9642857142857143}","{""01_opishnyan_ceramics"":0.664456708273146,""02_ornek"":0.962536023054755,""03_bubnivka_ceramics"":0.8925287356321839,""04_petrykivka_painting"":0.9807692307692307,""05_kosiv_ceramics"":0.9764469134402811}"
outer_inner_oof,3,motif,motif_texture_weighted_mean__c10__source0p5,three_view_cls_logit_ensemble__c100__source0p5,motif_texture_weighted_mean__c10__source0p5,texture_weighted_mean,10.0,0.5,384,2,False,False,recall_drop:05_kosiv_ceramics,,False,1351,12,76,0.9518874907475944,0.9522004885309403,0.9573365782483506,0.9104220043250354,0.6617868563033199,0.7664443716604332,0.869673107041448,0.8115720920670784,0.8,0.8916876574307305,0.9415204678362573,0.8797814207650273,0.9360721447251331,"{""01_opishnyan_ceramics"":0.8916876574307305,""02_ornek"":0.9857549857549858,""03_bubnivka_ceramics"":0.9415204678362573,""04_petrykivka_painting"":0.9855769230769231,""05_kosiv_ceramics"":0.9821428571428571}","{""01_opishnyan_ceramics"":0.6617868563033199,""02_ornek"":0.9855907780979827,""03_bubnivka_ceramics"":0.9255137582723789,""04_petrykivka_painting"":0.9855769230769231,""05_kosiv_ceramics"":0.9936417058745725}"
outer_inner_oof,3,motif,motif_texture_top2_mean__c1__source0p5,three_view_cls_logit_ensemble__c100__source0p5,motif_texture_top2_mean__c1__source0p5,texture_top2_mean,1.0,0.5,384,3,False,False,accuracy_drop|macro_f1_drop|recall_drop:02_ornek|recall_drop:05_kosiv_ceramics,,False,1351,12,59,0.9378238341968912,0.939112625764601,0.9449458031313724,0.8951265784812513,0.6631063496178872,0.7618426067105775,0.8649336937063897,0.8284060685887692,0.8375,0.8765743073047859,0.935672514619883,0.8648648648648649,0.9180713650420634,"{""01_opishnyan_ceramics"":0.8765743073047859,""02_ornek"":0.9629629629629629,""03_bubnivka_ceramics"":0.935672514619883,""04_petrykivka_painting"":0.9807692307692307,""05_kosiv_ceramics"":0.96875}","{""01_opishnyan_ceramics"":0.6631063496178872,""02_ornek"":0.962536023054755,""03_bubnivka_ceramics"":0.8925287356321839,""04_petrykivka_painting"":0.9807692307692307,""05_kosiv_ceramics"":0.9766925533321996}"
outer_inner_oof,3,motif,motif_texture_top2_mean__c10__source0p5,three_view_cls_logit_ensemble__c100__source0p5,motif_texture_top2_mean__c10__source0p5,texture_top2_mean,10.0,0.5,384,3,False,False,recall_drop:05_kosiv_ceramics,,False,1351,12,80,0.9481865284974094,0.9490657611831489,0.9547516643284242,0.909575563717903,0.6604364976480611,0.7652385792825929,0.8650783700616711,0.8079028454329095,0.7875,0.8816120906801007,0.9415204678362573,0.875,0.9322191027770678,"{""01_opishnyan_ceramics"":0.8816120906801007,""02_ornek"":0.9829059829059829,""03_bubnivka_ceramics"":0.9415204678362573,""04_petrykivka_painting"":0.9855769230769231,""05_kosiv_ceramics"":0.9821428571428571}","{""01_opishnyan_ceramics"":0.6604364976480611,""02_ornek"":0.9827089337175793,""03_bubnivka_ceramics"":0.9255137582723789,""04_petrykivka_painting"":0.9855769230769231,""05_kosiv_ceramics"":0.9936417058745725}"
outer_inner_oof,3,motif,motif_texture_dispersion__c1__source0p5,three_view_cls_logit_ensemble__c100__source0p5,motif_texture_dispersion__c1__source0p5,texture_dispersion,1.0,0.5,384,4,False,False,accuracy_drop|macro_f1_drop|recall_drop:02_ornek|recall_drop:04_petrykivka_painting|recall_drop:05_kosiv_ceramics,,False,1351,12,83,0.9119170984455959,0.9113899796505984,0.9212335435431352,0.8667612728710564,0.6214983270985346,0.7239203175227827,0.8225354029870676,0.7896066439202911,0.775,0.8312342569269522,0.9064327485380117,0.7989690721649485,0.879479919718206,"{""01_opishnyan_ceramics"":0.8312342569269522,""02_ornek"":0.9430199430199431,""03_bubnivka_ceramics"":0.9064327485380117,""04_petrykivka_painting"":0.9567307692307693,""05_kosiv_ceramics"":0.96875}","{""01_opishnyan_ceramics"":0.6214983270985346,""02_ornek"":0.9423631123919308,""03_bubnivka_ceramics"":0.8419540229885057,""04_petrykivka_painting"":0.9567307692307693,""05_kosiv_ceramics"":0.9712601326455417}"
outer_inner_oof,3,motif,motif_texture_dispersion__c10__source0p5,three_view_cls_logit_ensemble__c100__source0p5,motif_texture_dispersion__c10__source0p5,texture_dispersion,10.0,0.5,384,4,False,False,accuracy_drop|macro_f1_drop|recall_drop:02_ornek|recall_drop:04_petrykivka_painting,,False,1351,12,134,0.930421909696521,0.9304560128418486,0.9389475112057308,0.8869398325007696,0.6182518076801199,0.7286144037860909,0.8273611235438353,0.7672625031049275,0.7125,0.8387909319899244,0.9181286549707602,0.839572192513369,0.9028989801185738,"{""01_opishnyan_ceramics"":0.8387909319899244,""02_ornek"":0.98005698005698,""03_bubnivka_ceramics"":0.9181286549707602,""04_petrykivka_painting"":0.9711538461538461,""05_kosiv_ceramics"":0.9866071428571429}","{""01_opishnyan_ceramics"":0.6182518076801199,""02_ornek"":0.9798270893371758,""03_bubnivka_ceramics"":0.8770114942528735,""04_petrykivka_painting"":0.9711538461538461,""05_kosiv_ceramics"":0.988454925079833}"
outer_inner_oof,4,base,global_cls__c10__source0,global_cls__c10__source0,,not_applicable,10.0,0.0,0,6,True,True,,2,False,1356,4,89,0.950589970501475,0.9478808577251719,0.9537850434154083,0.8855954747041178,0.5806429330310031,0.701406744221744,,,,0.9077306733167082,0.9415204678362573,,,"{""01_opishnyan_ceramics"":0.9077306733167082,""02_ornek"":0.9801136363636364,""03_bubnivka_ceramics"":0.9415204678362573,""04_petrykivka_painting"":0.9663461538461539,""05_kosiv_ceramics"":0.9732142857142857}","{""01_opishnyan_ceramics"":0.5806429330310031,""02_ornek"":0.9801136363636364,""03_bubnivka_ceramics"":0.9134099616858238,""04_petrykivka_painting"":0.9779541446208112,""05_kosiv_ceramics"":0.9758566978193145}"
outer_inner_oof,4,base,global_cls__c10__source0p5,global_cls__c10__source0p5,,not_applicable,10.0,0.5,0,6,False,True,,1,True,1356,4,84,0.950589970501475,0.9484764507834624,0.9531828872080219,0.8891049393300163,0.586844178717093,0.7070244516353044,,,,0.9102244389027432,0.935672514619883,,,"{""01_opishnyan_ceramics"":0.9102244389027432,""02_ornek"":0.9801136363636364,""03_bubnivka_ceramics"":0.935672514619883,""04_petrykivka_painting"":0.9711538461538461,""05_kosiv_ceramics"":0.96875}","{""01_opishnyan_ceramics"":0.586844178717093,""02_ornek"":0.9801136363636364,""03_bubnivka_ceramics"":0.9241379310344828,""04_petrykivka_painting"":0.9832451499118164,""05_kosiv_ceramics"":0.9711838006230529}"
outer_inner_oof,4,base,three_view_cls_logit_ensemble__c100__source0p5,three_view_cls_logit_ensemble__c100__source0p5,,not_applicable,100.0,0.5,0,8,False,True,,3,False,1356,12,117,0.9550147492625368,0.9524563288078278,0.956825737864096,0.8626110407869172,0.46117362121255334,0.6010244245869517,,,,0.9152119700748129,0.9298245614035088,,,"{""01_opishnyan_ceramics"":0.9152119700748129,""02_ornek"":0.9857954545454546,""03_bubnivka_ceramics"":0.9298245614035088,""04_petrykivka_painting"":0.9711538461538461,""05_kosiv_ceramics"":0.9821428571428571}","{""01_opishnyan_ceramics"":0.46117362121255334,""02_ornek"":0.9857954545454546,""03_bubnivka_ceramics"":0.9015325670498084,""04_petrykivka_painting"":0.9832451499118164,""05_kosiv_ceramics"":0.9813084112149533}"
outer_inner_oof,4,motif,motif_none,global_cls__c10__source0p5,motif_none,none,,0.5,0,0,True,True,,2,False,1356,0,0,0.950589970501475,0.9484764507834624,0.9531828872080219,0.8891049393300163,0.586844178717093,0.7070244516353044,0.8432987817226875,0.6905342993792959,0.75,0.9102244389027432,0.935672514619883,0.8602150537634409,0.9310091098219266,"{""01_opishnyan_ceramics"":0.9102244389027432,""02_ornek"":0.9801136363636364,""03_bubnivka_ceramics"":0.935672514619883,""04_petrykivka_painting"":0.9711538461538461,""05_kosiv_ceramics"":0.96875}","{""01_opishnyan_ceramics"":0.586844178717093,""02_ornek"":0.9801136363636364,""03_bubnivka_ceramics"":0.9241379310344828,""04_petrykivka_painting"":0.9832451499118164,""05_kosiv_ceramics"":0.9711838006230529}"
outer_inner_oof,4,motif,motif_uniform_mean__c1__source0p5,global_cls__c10__source0p5,motif_uniform_mean__c1__source0p5,uniform_mean,1.0,0.5,384,1,False,False,accuracy_drop|macro_f1_drop,,False,1356,4,57,0.9417404129793511,0.9398823648261772,0.949535037704417,0.9114977516283636,0.6933364053601818,0.7875886388083753,0.8314430738547223,0.7216895834389986,0.6057692307692307,0.8728179551122195,0.9532163742690059,0.8190954773869347,0.9150106286551023,"{""01_opishnyan_ceramics"":0.8728179551122195,""02_ornek"":0.9772727272727273,""03_bubnivka_ceramics"":0.9532163742690059,""04_petrykivka_painting"":0.9711538461538461,""05_kosiv_ceramics"":0.9732142857142857}","{""01_opishnyan_ceramics"":0.6933364053601818,""02_ornek"":0.9772727272727273,""03_bubnivka_ceramics"":0.9277777777777778,""04_petrykivka_painting"":0.9832451499118164,""05_kosiv_ceramics"":0.9758566978193145}"
outer_inner_oof,4,motif,motif_uniform_mean__c10__source0p5,global_cls__c10__source0p5,motif_uniform_mean__c10__source0p5,uniform_mean,10.0,0.5,384,1,False,True,,1,True,1356,4,76,0.9528023598820059,0.9508326797577249,0.9596099842137708,0.9205830503751906,0.6991019520740044,0.794699471305038,0.8477188457186129,0.7432061955339874,0.6442307692307693,0.8877805486284289,0.9590643274853801,0.8324873096446701,0.929141965107927,"{""01_opishnyan_ceramics"":0.8877805486284289,""02_ornek"":0.9886363636363636,""03_bubnivka_ceramics"":0.9590643274853801,""04_petrykivka_painting"":0.9759615384615384,""05_kosiv_ceramics"":0.9866071428571429}","{""01_opishnyan_ceramics"":0.6991019520740044,""02_ornek"":0.9886363636363636,""03_bubnivka_ceramics"":0.9417624521072797,""04_petrykivka_painting"":0.9835390946502057,""05_kosiv_ceramics"":0.9898753894080996}"
outer_inner_oof,4,motif,motif_texture_weighted_mean__c1__source0p5,global_cls__c10__source0p5,motif_texture_weighted_mean__c1__source0p5,texture_weighted_mean,1.0,0.5,384,2,False,False,accuracy_drop|macro_f1_drop|recall_drop:02_ornek,,False,1356,4,60,0.9373156342182891,0.9357491665406545,0.94607898627455,0.9101014664583111,0.6899747048002054,0.7848963717319841,0.8235942916848783,0.7063670722532693,0.5865384615384616,0.8628428927680798,0.9532163742690059,0.8109452736318408,0.9107647722687244,"{""01_opishnyan_ceramics"":0.8628428927680798,""02_ornek"":0.9744318181818182,""03_bubnivka_ceramics"":0.9532163742690059,""04_petrykivka_painting"":0.9711538461538461,""05_kosiv_ceramics"":0.96875}","{""01_opishnyan_ceramics"":0.6899747048002054,""02_ornek"":0.9744318181818182,""03_bubnivka_ceramics"":0.9277777777777778,""04_petrykivka_painting"":0.9832451499118164,""05_kosiv_ceramics"":0.9750778816199378}"
outer_inner_oof,4,motif,motif_texture_weighted_mean__c10__source0p5,global_cls__c10__source0p5,motif_texture_weighted_mean__c10__source0p5,texture_weighted_mean,10.0,0.5,384,2,False,True,,3,False,1356,4,79,0.948377581120944,0.9461110961378065,0.9548130051140618,0.9170741435377397,0.696219178717093,0.7915294735667081,0.8393934873502155,0.7304285974739781,0.625,0.8802992518703242,0.9473684210526315,0.826530612244898,0.9238100093701337,"{""01_opishnyan_ceramics"":0.8802992518703242,""02_ornek"":0.9886363636363636,""03_bubnivka_ceramics"":0.9473684210526315,""04_petrykivka_painting"":0.9711538461538461,""05_kosiv_ceramics"":0.9866071428571429}","{""01_opishnyan_ceramics"":0.696219178717093,""02_ornek"":0.9886363636363636,""03_bubnivka_ceramics"":0.9273946360153257,""04_petrykivka_painting"":0.9832451499118164,""05_kosiv_ceramics"":0.9898753894080996}"
outer_inner_oof,4,motif,motif_texture_top2_mean__c1__source0p5,global_cls__c10__source0p5,motif_texture_top2_mean__c1__source0p5,texture_top2_mean,1.0,0.5,384,3,False,False,accuracy_drop|macro_f1_drop|recall_drop:02_ornek,,False,1356,4,57,0.9373156342182891,0.9364198911408497,0.9456162009302185,0.9096488451014126,0.6918996237509863,0.7859714593866491,0.8298655492455703,0.7203522664267592,0.6057692307692307,0.8653366583541147,0.9532163742690059,0.8232323232323232,0.9128100188013955,"{""01_opishnyan_ceramics"":0.8653366583541147,""02_ornek"":0.9744318181818182,""03_bubnivka_ceramics"":0.9532163742690059,""04_petrykivka_painting"":0.9663461538461539,""05_kosiv_ceramics"":0.96875}","{""01_opishnyan_ceramics"":0.6918996237509863,""02_ornek"":0.9744318181818182,""03_bubnivka_ceramics"":0.9277777777777778,""04_petrykivka_painting"":0.9829512051734274,""05_kosiv_ceramics"":0.9711838006230529}"
outer_inner_oof,4,motif,motif_texture_top2_mean__c10__source0p5,global_cls__c10__source0p5,motif_texture_top2_mean__c10__source0p5,texture_top2_mean,10.0,0.5,384,3,False,False,accuracy_drop|macro_f1_drop,,False,1356,4,73,0.9454277286135693,0.9436719289097242,0.9520297845939334,0.9150134137780089,0.6952613243109628,0.7901427287874937,0.8382625025658318,0.7304285974739781,0.625,0.8753117206982544,0.9473684210526315,0.8307692307692308,0.9206549004307879,"{""01_opishnyan_ceramics"":0.8753117206982544,""02_ornek"":0.9886363636363636,""03_bubnivka_ceramics"":0.9473684210526315,""04_petrykivka_painting"":0.9711538461538461,""05_kosiv_ceramics"":0.9776785714285714}","{""01_opishnyan_ceramics"":0.6952613243109628,""02_ornek"":0.9886363636363636,""03_bubnivka_ceramics"":0.9273946360153257,""04_petrykivka_painting"":0.9832451499118164,""05_kosiv_ceramics"":0.9805295950155762}"
outer_inner_oof,4,motif,motif_texture_dispersion__c1__source0p5,global_cls__c10__source0p5,motif_texture_dispersion__c1__source0p5,texture_dispersion,1.0,0.5,384,4,False,False,accuracy_drop|macro_f1_drop|source_robustness_drop|opishnyan_group_recall_drop|recall_drop:02_ornek|recall_drop:04_petrykivka_painting|recall_drop:05_kosiv_ceramics,,False,1356,4,78,0.9292035398230089,0.9270075608847342,0.9336024368508946,0.8725216178467772,0.5757920124925131,0.6937599256944453,0.8153278559114756,0.6830909775804548,0.6730769230769231,0.8827930174563591,0.9298245614035088,0.8324607329842932,0.9045516441819167,"{""01_opishnyan_ceramics"":0.8827930174563591,""02_ornek"":0.9573863636363636,""03_bubnivka_ceramics"":0.9298245614035088,""04_petrykivka_painting"":0.9471153846153846,""05_kosiv_ceramics"":0.9508928571428571}","{""01_opishnyan_ceramics"":0.5757920124925131,""02_ornek"":0.9573863636363636,""03_bubnivka_ceramics"":0.9101532567049809,""04_petrykivka_painting"":0.9667842445620224,""05_kosiv_ceramics"":0.9524922118380061}"
outer_inner_oof,4,motif,motif_texture_dispersion__c10__source0p5,global_cls__c10__source0p5,motif_texture_dispersion__c10__source0p5,texture_dispersion,10.0,0.5,384,4,False,False,source_robustness_drop|opishnyan_group_recall_drop,,False,1356,4,129,0.948377581120944,0.9464147818792841,0.9524268940834435,0.8906254494712161,0.5801115674586197,0.7025894086623552,0.8300620054135828,0.6905342993792959,0.6923076923076923,0.8977556109725686,0.9415204678362573,0.8429319371727748,0.9275416975464541,"{""01_opishnyan_ceramics"":0.8977556109725686,""02_ornek"":0.9829545454545454,""03_bubnivka_ceramics"":0.9415204678362573,""04_petrykivka_painting"":0.9711538461538461,""05_kosiv_ceramics"":0.96875}","{""01_opishnyan_ceramics"":0.5801115674586197,""02_ornek"":0.9829545454545454,""03_bubnivka_ceramics"":0.935632183908046,""04_petrykivka_painting"":0.9832451499118164,""05_kosiv_ceramics"":0.9711838006230529}"
