scope,outer_fold,stage,configuration_id,feature_family,specialist,c_value,source_group_exponent,inference_cost_rank,is_exact_reference,eligible,eligibility_failures,robustness_rank,eligible_selection_rank,selected,evaluated_examples,fit_count,maximum_iterations,accuracy,macro_f1,balanced_accuracy,source_group_balanced_accuracy,ceramic_worst_group_recall,robustness_score,minimum_fold_source_group_balanced_accuracy,per_class_recall_json,per_class_group_recall_json
outer_inner_oof,0,base,global_cls__c10__source0,global_cls,none,10.0,0.0,6,True,True,,8,8,False,1193,4,89,0.8885163453478625,0.8746480078605039,0.8836561504943858,0.8744821807803177,0.49337715855573,0.630839036081641,0.8686699030222191,"{""01_opishnyan_ceramics"":0.6166666666666667,""02_ornek"":0.9772079772079773,""03_bubnivka_ceramics"":0.8941176470588236,""04_petrykivka_painting"":0.9615384615384616,""05_kosiv_ceramics"":0.96875}","{""01_opishnyan_ceramics"":0.49337715855573,""02_ornek"":0.9769452449567724,""03_bubnivka_ceramics"":0.9491384432560903,""04_petrykivka_painting"":0.9726631393298059,""05_kosiv_ceramics"":0.9802869178031897}"
outer_inner_oof,0,base,global_cls__c10__source0p5,global_cls,none,10.0,0.5,6,False,True,,4,4,False,1193,4,90,0.8968985750209556,0.8845177361527325,0.8906570961718021,0.8844054444766198,0.5707744636316064,0.6937919365039391,0.8793274993941012,"{""01_opishnyan_ceramics"":0.6666666666666666,""02_ornek"":0.9829059829059829,""03_bubnivka_ceramics"":0.8823529411764706,""04_petrykivka_painting"":0.9615384615384616,""05_kosiv_ceramics"":0.9598214285714286}","{""01_opishnyan_ceramics"":0.5707744636316064,""02_ornek"":0.9827089337175793,""03_bubnivka_ceramics"":0.9275698158051099,""04_petrykivka_painting"":0.9726631393298059,""05_kosiv_ceramics"":0.9683108698989981}"
outer_inner_oof,0,base,global_cls__c100__source0,global_cls,none,100.0,0.0,6,False,True,,6,6,False,1193,4,109,0.8968985750209556,0.8832434030973007,0.8919861619861619,0.8788362589650527,0.49397446225453745,0.6324581556973585,0.8749018262257884,"{""01_opishnyan_ceramics"":0.625,""02_ornek"":0.9857549857549858,""03_bubnivka_ceramics"":0.9,""04_petrykivka_painting"":0.9759615384615384,""05_kosiv_ceramics"":0.9732142857142857}","{""01_opishnyan_ceramics"":0.49397446225453745,""02_ornek"":0.9855907780979827,""03_bubnivka_ceramics"":0.9497920380273321,""04_petrykivka_painting"":0.9835390946502057,""05_kosiv_ceramics"":0.9812849217952055}"
outer_inner_oof,0,base,global_cls__c100__source0p5,global_cls,none,100.0,0.5,6,False,True,,2,2,False,1193,4,115,0.9027661357921207,0.8906405685942911,0.8974168342550695,0.8993913167781364,0.6046985595857776,0.7231757121781305,0.8837428352645743,"{""01_opishnyan_ceramics"":0.6625,""02_ornek"":0.9857549857549858,""03_bubnivka_ceramics"":0.8941176470588236,""04_petrykivka_painting"":0.9759615384615384,""05_kosiv_ceramics"":0.96875}","{""01_opishnyan_ceramics"":0.6046985595857776,""02_ornek"":0.9855907780979827,""03_bubnivka_ceramics"":0.9478312537136065,""04_petrykivka_painting"":0.9835390946502057,""05_kosiv_ceramics"":0.9752968978431097}"
outer_inner_oof,0,base,letterbox_cls_patch__c10__source0,letterbox_cls_patch,none,10.0,0.0,1,False,True,,12,11,False,1193,4,112,0.8792958927074602,0.8662943259831035,0.8770300940889177,0.8608311674391229,0.44854925775978405,0.5897830359769598,0.8578993035735337,"{""01_opishnyan_ceramics"":0.5833333333333334,""02_ornek"":0.9658119658119658,""03_bubnivka_ceramics"":0.9294117647058824,""04_petrykivka_painting"":0.9423076923076923,""05_kosiv_ceramics"":0.9642857142857143}","{""01_opishnyan_ceramics"":0.44854925775978405,""02_ornek"":0.9654178674351584,""03_bubnivka_ceramics"":0.9544266191325014,""04_petrykivka_painting"":0.961493239271017,""05_kosiv_ceramics"":0.9742688535971534}"
outer_inner_oof,0,base,letterbox_cls_patch__c10__source0p5,letterbox_cls_patch,none,10.0,0.5,1,False,False,macro_f1_drop|petrykivka_recall_drop,9,,False,1193,4,110,0.8751047778709137,0.862273712467714,0.8702342945725299,0.8605047652479689,0.48699358285824446,0.6219826529415077,0.8561459789859496,"{""01_opishnyan_ceramics"":0.6,""02_ornek"":0.9686609686609686,""03_bubnivka_ceramics"":0.8941176470588236,""04_petrykivka_painting"":0.9375,""05_kosiv_ceramics"":0.9508928571428571}","{""01_opishnyan_ceramics"":0.48699358285824446,""02_ornek"":0.968299711815562,""03_bubnivka_ceramics"":0.9289958407605465,""04_petrykivka_painting"":0.9562022339800118,""05_kosiv_ceramics"":0.9620324568254794}"
outer_inner_oof,0,base,letterbox_cls_patch__c100__source0,letterbox_cls_patch,none,100.0,0.0,1,False,True,,10,9,False,1193,4,130,0.8826487845766974,0.8691783701328493,0.879437501496325,0.8630357043850875,0.4470129651050704,0.5889676592837749,0.8602780207119762,"{""01_opishnyan_ceramics"":0.5791666666666667,""02_ornek"":0.9772079772079773,""03_bubnivka_ceramics"":0.9294117647058824,""04_petrykivka_painting"":0.9471153846153846,""05_kosiv_ceramics"":0.9642857142857143}","{""01_opishnyan_ceramics"":0.4470129651050704,""02_ornek"":0.9769452449567724,""03_bubnivka_ceramics"":0.9544266191325014,""04_petrykivka_painting"":0.9617871840094062,""05_kosiv_ceramics"":0.9750065087216871}"
outer_inner_oof,0,base,letterbox_cls_patch__c100__source0p5,letterbox_cls_patch,none,100.0,0.5,1,False,True,,11,10,False,1193,4,136,0.8809723386420788,0.867777759128683,0.8762700806818454,0.8589596434568472,0.4497430044892451,0.5903725974568458,0.8594908796992714,"{""01_opishnyan_ceramics"":0.5916666666666667,""02_ornek"":0.9772079772079773,""03_bubnivka_ceramics"":0.9058823529411765,""04_petrykivka_painting"":0.9423076923076923,""05_kosiv_ceramics"":0.9642857142857143}","{""01_opishnyan_ceramics"":0.4497430044892451,""02_ornek"":0.9769452449567724,""03_bubnivka_ceramics"":0.9316102198455138,""04_petrykivka_painting"":0.961493239271017,""05_kosiv_ceramics"":0.9750065087216871}"
outer_inner_oof,0,base,three_view_cls_logit_ensemble__c10__source0,three_view_cls_logit_ensemble,none,10.0,0.0,8,False,True,,7,7,False,1193,12,96,0.8876781223805532,0.8738412827343979,0.883537611625847,0.8730389401188727,0.4913339323583685,0.6287924132817925,0.8711275957054758,"{""01_opishnyan_ceramics"":0.6125,""02_ornek"":0.9715099715099715,""03_bubnivka_ceramics"":0.8941176470588236,""04_petrykivka_painting"":0.9663461538461539,""05_kosiv_ceramics"":0.9732142857142857}","{""01_opishnyan_ceramics"":0.4913339323583685,""02_ornek"":0.9711815561959655,""03_bubnivka_ceramics"":0.9491978609625668,""04_petrykivka_painting"":0.9779541446208112,""05_kosiv_ceramics"":0.9755272064566519}"
outer_inner_oof,0,base,three_view_cls_logit_ensemble__c10__source0p5,three_view_cls_logit_ensemble,none,10.0,0.5,8,False,True,,3,3,False,1193,12,91,0.8952221290863369,0.8833163116253901,0.8902231319878379,0.8906440991415462,0.6062193602137211,0.7214094145798339,0.8776369041586433,"{""01_opishnyan_ceramics"":0.6625,""02_ornek"":0.9715099715099715,""03_bubnivka_ceramics"":0.8823529411764706,""04_petrykivka_painting"":0.9615384615384616,""05_kosiv_ceramics"":0.9732142857142857}","{""01_opishnyan_ceramics"":0.6062193602137211,""02_ornek"":0.9711815561959655,""03_bubnivka_ceramics"":0.9276292335115863,""04_petrykivka_painting"":0.9726631393298059,""05_kosiv_ceramics"":0.9755272064566519}"
outer_inner_oof,0,base,three_view_cls_logit_ensemble__c100__source0,three_view_cls_logit_ensemble,none,100.0,0.0,8,False,True,,5,5,False,1193,12,131,0.8918692372170998,0.8780041240364349,0.8872568172568173,0.8781196010235919,0.5264517750420007,0.6582614889290679,0.8723921206542112,"{""01_opishnyan_ceramics"":0.6166666666666667,""02_ornek"":0.98005698005698,""03_bubnivka_ceramics"":0.9,""04_petrykivka_painting"":0.9663461538461539,""05_kosiv_ceramics"":0.9732142857142857}","{""01_opishnyan_ceramics"":0.5264517750420007,""02_ornek"":0.9798270893371758,""03_bubnivka_ceramics"":0.930837789661319,""04_petrykivka_painting"":0.9779541446208112,""05_kosiv_ceramics"":0.9755272064566519}"
outer_inner_oof,0,base,three_view_cls_logit_ensemble__c100__source0p5,three_view_cls_logit_ensemble,none,100.0,0.5,8,False,True,,1,1,True,1193,12,116,0.8977367979882649,0.8843022609087914,0.891936334362805,0.8944667447157819,0.6003573494174999,0.7184787643003917,0.887345528867268,"{""01_opishnyan_ceramics"":0.6416666666666667,""02_ornek"":0.9857549857549858,""03_bubnivka_ceramics"":0.888235294117647,""04_petrykivka_painting"":0.9663461538461539,""05_kosiv_ceramics"":0.9776785714285714}","{""01_opishnyan_ceramics"":0.6003573494174999,""02_ornek"":0.9855907780979827,""03_bubnivka_ceramics"":0.9269162210338681,""04_petrykivka_painting"":0.9779541446208112,""05_kosiv_ceramics"":0.9815152304087478}"
outer_inner_oof,0,specialist,three_view_cls_logit_ensemble__c100__source0p5__specialist_none,three_view_cls_logit_ensemble,none,100.0,0.5,8,False,True,,1,1,True,1193,12,116,0.8977367979882649,0.8843022609087914,0.891936334362805,0.8944667447157819,0.6003573494174999,0.7184787643003917,0.887345528867268,"{""01_opishnyan_ceramics"":0.6416666666666667,""02_ornek"":0.9857549857549858,""03_bubnivka_ceramics"":0.888235294117647,""04_petrykivka_painting"":0.9663461538461539,""05_kosiv_ceramics"":0.9776785714285714}","{""01_opishnyan_ceramics"":0.6003573494174999,""02_ornek"":0.9855907780979827,""03_bubnivka_ceramics"":0.9269162210338681,""04_petrykivka_painting"":0.9779541446208112,""05_kosiv_ceramics"":0.9815152304087478}"
outer_inner_oof,0,specialist,three_view_cls_logit_ensemble__c100__source0p5__specialist_three_way_conditional,three_view_cls_logit_ensemble,three_way_conditional,100.0,0.5,8,False,True,,2,2,False,1193,12,80,0.9027661357921207,0.89050352903015,0.8966527209174269,0.8956410625542508,0.6065627668071276,0.7232873600115045,0.8834993750211142,"{""01_opishnyan_ceramics"":0.6666666666666666,""02_ornek"":0.9857549857549858,""03_bubnivka_ceramics"":0.8823529411764706,""04_petrykivka_painting"":0.9663461538461539,""05_kosiv_ceramics"":0.9821428571428571}","{""01_opishnyan_ceramics"":0.6065627668071276,""02_ornek"":0.9855907780979827,""03_bubnivka_ceramics"":0.9263220439691029,""04_petrykivka_painting"":0.9779541446208112,""05_kosiv_ceramics"":0.9817755792762302}"
outer_inner_oof,1,base,global_cls__c10__source0,global_cls,none,10.0,0.0,6,True,True,,7,7,False,1449,4,98,0.9123533471359558,0.9093464328123695,0.9285729808879714,0.848784920108382,0.441563107821487,0.5809163095267502,0.8724566161093572,"{""01_opishnyan_ceramics"":0.8145161290322581,""02_ornek"":0.9829059829059829,""03_bubnivka_ceramics"":0.9058823529411765,""04_petrykivka_painting"":0.9663461538461539,""05_kosiv_ceramics"":0.9732142857142857}","{""01_opishnyan_ceramics"":0.441563107821487,""02_ornek"":0.9827089337175793,""03_bubnivka_ceramics"":0.861904761904762,""04_petrykivka_painting"":0.9879482657260436,""05_kosiv_ceramics"":0.9697995313720386}"
outer_inner_oof,1,base,global_cls__c10__source0p5,global_cls,none,10.0,0.5,6,False,True,,1,1,True,1449,4,94,0.9089026915113871,0.9055107050155893,0.9200174201194125,0.855782836680284,0.4900332451376008,0.6232085442537443,0.8793635354222916,"{""01_opishnyan_ceramics"":0.8266129032258065,""02_ornek"":0.9743589743589743,""03_bubnivka_ceramics"":0.8647058823529412,""04_petrykivka_painting"":0.9567307692307693,""05_kosiv_ceramics"":0.9776785714285714}","{""01_opishnyan_ceramics"":0.4900332451376008,""02_ornek"":0.9740634005763689,""03_bubnivka_ceramics"":0.8566666666666666,""04_petrykivka_painting"":0.9823633156966491,""05_kosiv_ceramics"":0.9757875553241343}"
outer_inner_oof,1,base,global_cls__c100__source0,global_cls,none,100.0,0.0,6,False,True,,6,6,False,1449,4,110,0.9151138716356108,0.9126000504180984,0.9302354201950976,0.8539625054654134,0.4423659885604078,0.5828213599634194,0.874412739924345,"{""01_opishnyan_ceramics"":0.8185483870967742,""02_ornek"":0.9886039886039886,""03_bubnivka_ceramics"":0.9,""04_petrykivka_painting"":0.9663461538461539,""05_kosiv_ceramics"":0.9776785714285714}","{""01_opishnyan_ceramics"":0.4423659885604078,""02_ornek"":0.9884726224783862,""03_bubnivka_ceramics"":0.8752380952380953,""04_petrykivka_painting"":0.9879482657260436,""05_kosiv_ceramics"":0.9757875553241343}"
outer_inner_oof,1,base,global_cls__c100__source0p5,global_cls,none,100.0,0.5,6,False,True,,5,5,False,1449,4,121,0.9137336093857833,0.9102568313053053,0.9247894998914923,0.8509318301180413,0.44768880229973695,0.5867035258095501,0.8756658727564253,"{""01_opishnyan_ceramics"":0.8266129032258065,""02_ornek"":0.9886039886039886,""03_bubnivka_ceramics"":0.8647058823529412,""04_petrykivka_painting"":0.9663461538461539,""05_kosiv_ceramics"":0.9776785714285714}","{""01_opishnyan_ceramics"":0.44768880229973695,""02_ornek"":0.9884726224783862,""03_bubnivka_ceramics"":0.8547619047619048,""04_petrykivka_painting"":0.9879482657260436,""05_kosiv_ceramics"":0.9757875553241343}"
outer_inner_oof,1,base,letterbox_cls_patch__c10__source0,letterbox_cls_patch,none,10.0,0.0,1,False,True,,12,12,False,1449,4,112,0.9089026915113871,0.9062951887927012,0.9243326535190862,0.8242074264672798,0.3468073732045762,0.4881940221915559,0.8397738018475955,"{""01_opishnyan_ceramics"":0.8205645161290323,""02_ornek"":0.9686609686609686,""03_bubnivka_ceramics"":0.9117647058823529,""04_petrykivka_painting"":0.9519230769230769,""05_kosiv_ceramics"":0.96875}","{""01_opishnyan_ceramics"":0.3468073732045762,""02_ornek"":0.968299711815562,""03_bubnivka_ceramics"":0.87004329004329,""04_petrykivka_painting"":0.9720752498530276,""05_kosiv_ceramics"":0.9638115074199427}"
outer_inner_oof,1,base,letterbox_cls_patch__c10__source0p5,letterbox_cls_patch,none,10.0,0.5,1,False,True,,9,9,False,1449,4,108,0.9061421670117322,0.9032294096360365,0.9172180576117958,0.8242357509087206,0.39710758715976496,0.5359840432941806,0.8515532268829865,"{""01_opishnyan_ceramics"":0.8306451612903226,""02_ornek"":0.9658119658119658,""03_bubnivka_ceramics"":0.8823529411764706,""04_petrykivka_painting"":0.9519230769230769,""05_kosiv_ceramics"":0.9553571428571429}","{""01_opishnyan_ceramics"":0.39710758715976496,""02_ornek"":0.9654178674351584,""03_bubnivka_ceramics"":0.84,""04_petrykivka_painting"":0.9670781893004115,""05_kosiv_ceramics"":0.9515751106482687}"
outer_inner_oof,1,base,letterbox_cls_patch__c100__source0,letterbox_cls_patch,none,100.0,0.0,1,False,True,,11,11,False,1449,4,128,0.9144237405106971,0.9116707248010124,0.9273332968423101,0.835199915563767,0.39320483656935706,0.5346847539163576,0.8505030058098821,"{""01_opishnyan_ceramics"":0.8346774193548387,""02_ornek"":0.9743589743589743,""03_bubnivka_ceramics"":0.9117647058823529,""04_petrykivka_painting"":0.9471153846153846,""05_kosiv_ceramics"":0.96875}","{""01_opishnyan_ceramics"":0.39320483656935706,""02_ornek"":0.9740634005763689,""03_bubnivka_ceramics"":0.8731385281385281,""04_petrykivka_painting"":0.9717813051146386,""05_kosiv_ceramics"":0.9638115074199427}"
outer_inner_oof,1,base,letterbox_cls_patch__c100__source0p5,letterbox_cls_patch,none,100.0,0.5,1,False,True,,10,10,False,1449,4,132,0.9123533471359558,0.9094870816561734,0.9228157081691236,0.8323456632513586,0.39792534455464024,0.5384365440400365,0.8512787547059318,"{""01_opishnyan_ceramics"":0.8366935483870968,""02_ornek"":0.9743589743589743,""03_bubnivka_ceramics"":0.8823529411764706,""04_petrykivka_painting"":0.9519230769230769,""05_kosiv_ceramics"":0.96875}","{""01_opishnyan_ceramics"":0.39792534455464024,""02_ornek"":0.9740634005763689,""03_bubnivka_ceramics"":0.8538528138528138,""04_petrykivka_painting"":0.9720752498530276,""05_kosiv_ceramics"":0.9638115074199427}"
outer_inner_oof,1,base,three_view_cls_logit_ensemble__c10__source0,three_view_cls_logit_ensemble,none,10.0,0.0,8,False,True,,8,8,False,1449,12,99,0.9130434782608695,0.9089019946528442,0.9267429560740756,0.8469644722897491,0.4429106041780577,0.5816525227643861,0.8607868739884873,"{""01_opishnyan_ceramics"":0.8245967741935484,""02_ornek"":0.9829059829059829,""03_bubnivka_ceramics"":0.9058823529411765,""04_petrykivka_painting"":0.9471153846153846,""05_kosiv_ceramics"":0.9732142857142857}","{""01_opishnyan_ceramics"":0.4429106041780577,""02_ornek"":0.9827089337175793,""03_bubnivka_ceramics"":0.8726190476190476,""04_petrykivka_painting"":0.9667842445620224,""05_kosiv_ceramics"":0.9697995313720386}"
outer_inner_oof,1,base,three_view_cls_logit_ensemble__c10__source0p5,three_view_cls_logit_ensemble,none,10.0,0.5,8,False,True,,4,4,False,1449,12,99,0.911663216011042,0.9074489641480655,0.9222954436806429,0.8568199183574071,0.4902661762348695,0.6236718303028758,0.8743483098284454,"{""01_opishnyan_ceramics"":0.8326612903225806,""02_ornek"":0.9772079772079773,""03_bubnivka_ceramics"":0.8764705882352941,""04_petrykivka_painting"":0.9519230769230769,""05_kosiv_ceramics"":0.9732142857142857}","{""01_opishnyan_ceramics"":0.4902661762348695,""02_ornek"":0.9769452449567724,""03_bubnivka_ceramics"":0.8692857142857143,""04_petrykivka_painting"":0.9720752498530276,""05_kosiv_ceramics"":0.9755272064566519}"
outer_inner_oof,1,base,three_view_cls_logit_ensemble__c100__source0,three_view_cls_logit_ensemble,none,100.0,0.0,8,False,True,,3,3,False,1449,12,131,0.9213250517598344,0.9172573953573929,0.9326893768259993,0.8632693494796279,0.48872584404571695,0.6241176647427469,0.8780029912046045,"{""01_opishnyan_ceramics"":0.842741935483871,""02_ornek"":0.9829059829059829,""03_bubnivka_ceramics"":0.8941176470588236,""04_petrykivka_painting"":0.9615384615384616,""05_kosiv_ceramics"":0.9821428571428571}","{""01_opishnyan_ceramics"":0.48872584404571695,""02_ornek"":0.9827089337175793,""03_bubnivka_ceramics"":0.8854761904761905,""04_petrykivka_painting"":0.977660199882422,""05_kosiv_ceramics"":0.9817755792762302}"
outer_inner_oof,1,base,three_view_cls_logit_ensemble__c100__source0p5,three_view_cls_logit_ensemble,none,100.0,0.5,8,False,True,,2,2,False,1449,12,121,0.917184265010352,0.912660755753938,0.9273919749868516,0.862689291713721,0.48945283328790584,0.6245581884758001,0.878480375140635,"{""01_opishnyan_ceramics"":0.8387096774193549,""02_ornek"":0.9829059829059829,""03_bubnivka_ceramics"":0.8764705882352941,""04_petrykivka_painting"":0.9567307692307693,""05_kosiv_ceramics"":0.9821428571428571}","{""01_opishnyan_ceramics"":0.48945283328790584,""02_ornek"":0.9827089337175793,""03_bubnivka_ceramics"":0.8821428571428571,""04_petrykivka_painting"":0.977366255144033,""05_kosiv_ceramics"":0.9817755792762302}"
outer_inner_oof,1,specialist,global_cls__c10__source0p5__specialist_none,global_cls,none,10.0,0.5,6,False,True,,1,1,True,1449,4,94,0.9089026915113871,0.9055107050155893,0.9200174201194125,0.855782836680284,0.4900332451376008,0.6232085442537443,0.8793635354222916,"{""01_opishnyan_ceramics"":0.8266129032258065,""02_ornek"":0.9743589743589743,""03_bubnivka_ceramics"":0.8647058823529412,""04_petrykivka_painting"":0.9567307692307693,""05_kosiv_ceramics"":0.9776785714285714}","{""01_opishnyan_ceramics"":0.4900332451376008,""02_ornek"":0.9740634005763689,""03_bubnivka_ceramics"":0.8566666666666666,""04_petrykivka_painting"":0.9823633156966491,""05_kosiv_ceramics"":0.9757875553241343}"
outer_inner_oof,1,specialist,global_cls__c10__source0p5__specialist_three_way_conditional,global_cls,three_way_conditional,10.0,0.5,6,False,True,,2,2,False,1449,4,70,0.9089026915113871,0.9052050181810213,0.9182649126648178,0.8516030105142567,0.4927634395079949,0.624292325279945,0.8788747357834428,"{""01_opishnyan_ceramics"":0.8326612903225806,""02_ornek"":0.9743589743589743,""03_bubnivka_ceramics"":0.8588235294117647,""04_petrykivka_painting"":0.9567307692307693,""05_kosiv_ceramics"":0.96875}","{""01_opishnyan_ceramics"":0.4927634395079949,""02_ornek"":0.9740634005763689,""03_bubnivka_ceramics"":0.8392857142857143,""04_petrykivka_painting"":0.9823633156966491,""05_kosiv_ceramics"":0.9695391825045562}"
outer_inner_oof,2,base,global_cls__c10__source0,global_cls,none,10.0,0.0,6,True,True,,9,8,False,1423,4,98,0.9149683766690091,0.9127257013101812,0.9302922743019739,0.8635224368491701,0.450726767974629,0.5922966140759944,0.8665533478544265,"{""01_opishnyan_ceramics"":0.8127659574468085,""02_ornek"":0.9829059829059829,""03_bubnivka_ceramics"":0.9117647058823529,""04_petrykivka_painting"":0.9663461538461539,""05_kosiv_ceramics"":0.9776785714285714}","{""01_opishnyan_ceramics"":0.450726767974629,""02_ornek"":0.9827089337175793,""03_bubnivka_ceramics"":0.9304347826086957,""04_petrykivka_painting"":0.9779541446208112,""05_kosiv_ceramics"":0.9757875553241343}"
outer_inner_oof,2,base,global_cls__c10__source0p5,global_cls,none,10.0,0.5,6,False,True,,3,3,False,1423,4,94,0.9205903021784961,0.91751999843171,0.930692774927756,0.883105689320128,0.567725155933284,0.6911368293762307,0.8883936629278244,"{""01_opishnyan_ceramics"":0.8382978723404255,""02_ornek"":0.9829059829059829,""03_bubnivka_ceramics"":0.888235294117647,""04_petrykivka_painting"":0.9663461538461539,""05_kosiv_ceramics"":0.9776785714285714}","{""01_opishnyan_ceramics"":0.567725155933284,""02_ornek"":0.9827089337175793,""03_bubnivka_ceramics"":0.9113526570048309,""04_petrykivka_painting"":0.9779541446208112,""05_kosiv_ceramics"":0.9757875553241343}"
outer_inner_oof,2,base,global_cls__c100__source0,global_cls,none,100.0,0.0,6,False,True,,5,5,False,1423,4,110,0.921293042867182,0.9193439322649765,0.9366959519759895,0.8822502963287369,0.5238052699324413,0.6573386795022423,0.8760771573782362,"{""01_opishnyan_ceramics"":0.823404255319149,""02_ornek"":0.9829059829059829,""03_bubnivka_ceramics"":0.9235294117647059,""04_petrykivka_painting"":0.9759615384615384,""05_kosiv_ceramics"":0.9776785714285714}","{""01_opishnyan_ceramics"":0.5238052699324413,""02_ornek"":0.9827089337175793,""03_bubnivka_ceramics"":0.9454106280193237,""04_petrykivka_painting"":0.9835390946502057,""05_kosiv_ceramics"":0.9757875553241343}"
outer_inner_oof,2,base,global_cls__c100__source0p5,global_cls,none,100.0,0.5,6,False,True,,2,2,False,1423,4,121,0.9241040056219255,0.9220004223144599,0.936717414370731,0.8932885382434016,0.5643203725019255,0.6916819963668474,0.8908554033594897,"{""01_opishnyan_ceramics"":0.8340425531914893,""02_ornek"":0.9886039886039886,""03_bubnivka_ceramics"":0.9117647058823529,""04_petrykivka_painting"":0.9759615384615384,""05_kosiv_ceramics"":0.9732142857142857}","{""01_opishnyan_ceramics"":0.5643203725019255,""02_ornek"":0.9884726224783862,""03_bubnivka_ceramics"":0.9553140096618357,""04_petrykivka_painting"":0.9885361552028218,""05_kosiv_ceramics"":0.9697995313720386}"
outer_inner_oof,2,base,letterbox_cls_patch__c10__source0,letterbox_cls_patch,none,10.0,0.0,1,False,False,macro_f1_drop,12,,False,1423,4,109,0.9016163035839775,0.8990134356909527,0.918365722721167,0.8300680164898679,0.36183695114697184,0.5039819255503283,0.8451568482080856,"{""01_opishnyan_ceramics"":0.7936170212765957,""02_ornek"":0.9743589743589743,""03_bubnivka_ceramics"":0.9117647058823529,""04_petrykivka_painting"":0.9567307692307693,""05_kosiv_ceramics"":0.9553571428571429}","{""01_opishnyan_ceramics"":0.36183695114697184,""02_ornek"":0.9740634005763689,""03_bubnivka_ceramics"":0.8962231005709266,""04_petrykivka_painting"":0.9723691945914168,""05_kosiv_ceramics"":0.9458474355636554}"
outer_inner_oof,2,base,letterbox_cls_patch__c10__source0p5,letterbox_cls_patch,none,10.0,0.5,1,False,False,macro_f1_drop,6,,False,1423,4,110,0.9058327477160928,0.9010789413062261,0.9131600760871725,0.844321485301111,0.48179086365338636,0.6135021333977341,0.8634915084915085,"{""01_opishnyan_ceramics"":0.823404255319149,""02_ornek"":0.9829059829059829,""03_bubnivka_ceramics"":0.8470588235294118,""04_petrykivka_painting"":0.9615384615384616,""05_kosiv_ceramics"":0.9508928571428571}","{""01_opishnyan_ceramics"":0.48179086365338636,""02_ornek"":0.9827089337175793,""03_bubnivka_ceramics"":0.8338603425559946,""04_petrykivka_painting"":0.977660199882422,""05_kosiv_ceramics"":0.9455870866961729}"
outer_inner_oof,2,base,letterbox_cls_patch__c100__source0,letterbox_cls_patch,none,100.0,0.0,1,False,True,,11,10,False,1423,4,130,0.910049191848208,0.9075855296359657,0.9242605053478019,0.832222708184128,0.37057704614257636,0.5128079413422979,0.8551118236309476,"{""01_opishnyan_ceramics"":0.8148936170212766,""02_ornek"":0.9743589743589743,""03_bubnivka_ceramics"":0.9058823529411765,""04_petrykivka_painting"":0.9663461538461539,""05_kosiv_ceramics"":0.9598214285714286}","{""01_opishnyan_ceramics"":0.37057704614257636,""02_ornek"":0.9740634005763689,""03_bubnivka_ceramics"":0.8816864295125164,""04_petrykivka_painting"":0.9829512051734274,""05_kosiv_ceramics"":0.9518354595157511}"
outer_inner_oof,2,base,letterbox_cls_patch__c100__source0p5,letterbox_cls_patch,none,100.0,0.5,1,False,True,,10,9,False,1423,4,136,0.9086437104708363,0.9050626253982751,0.918580752904908,0.8457163651146173,0.44501624466623174,0.5831688422592557,0.8634915084915085,"{""01_opishnyan_ceramics"":0.823404255319149,""02_ornek"":0.9772079772079773,""03_bubnivka_ceramics"":0.8705882352941177,""04_petrykivka_painting"":0.9663461538461539,""05_kosiv_ceramics"":0.9553571428571429}","{""01_opishnyan_ceramics"":0.44501624466623174,""02_ornek"":0.9769452449567724,""03_bubnivka_ceramics"":0.8778216952129996,""04_petrykivka_painting"":0.9829512051734274,""05_kosiv_ceramics"":0.9458474355636554}"
outer_inner_oof,2,base,three_view_cls_logit_ensemble__c10__source0,three_view_cls_logit_ensemble,none,10.0,0.0,8,False,True,,8,7,False,1423,12,98,0.9184820801124385,0.915106503095952,0.9318132638580072,0.8635748738790335,0.4517302971493404,0.5931747901258189,0.8663265904848121,"{""01_opishnyan_ceramics"":0.823404255319149,""02_ornek"":0.9857549857549858,""03_bubnivka_ceramics"":0.9058823529411765,""04_petrykivka_painting"":0.9663461538461539,""05_kosiv_ceramics"":0.9776785714285714}","{""01_opishnyan_ceramics"":0.4517302971493404,""02_ornek"":0.9855907780979827,""03_bubnivka_ceramics"":0.9268115942028986,""04_petrykivka_painting"":0.9779541446208112,""05_kosiv_ceramics"":0.9757875553241343}"
outer_inner_oof,2,base,three_view_cls_logit_ensemble__c10__source0p5,three_view_cls_logit_ensemble,none,10.0,0.5,8,False,True,,4,4,False,1423,12,99,0.9191848208011244,0.9149556441865829,0.9279480958595476,0.8705671204556216,0.531429919215115,0.6599805868402118,0.887964017385397,"{""01_opishnyan_ceramics"":0.8382978723404255,""02_ornek"":0.9857549857549858,""03_bubnivka_ceramics"":0.8764705882352941,""04_petrykivka_painting"":0.9615384615384616,""05_kosiv_ceramics"":0.9776785714285714}","{""01_opishnyan_ceramics"":0.531429919215115,""02_ornek"":0.9855907780979827,""03_bubnivka_ceramics"":0.8823671497584541,""04_petrykivka_painting"":0.977660199882422,""05_kosiv_ceramics"":0.9757875553241343}"
outer_inner_oof,2,base,three_view_cls_logit_ensemble__c100__source0,three_view_cls_logit_ensemble,none,100.0,0.0,8,False,True,,7,6,False,1423,12,124,0.9248067463106114,0.9220652664811299,0.9369299963120363,0.8682922861548376,0.45553359961416745,0.597565457635031,0.8668278436176442,"{""01_opishnyan_ceramics"":0.8382978723404255,""02_ornek"":0.9857549857549858,""03_bubnivka_ceramics"":0.9117647058823529,""04_petrykivka_painting"":0.9711538461538461,""05_kosiv_ceramics"":0.9776785714285714}","{""01_opishnyan_ceramics"":0.45553359961416745,""02_ornek"":0.9855907780979827,""03_bubnivka_ceramics"":0.941304347826087,""04_petrykivka_painting"":0.9832451499118164,""05_kosiv_ceramics"":0.9757875553241343}"
outer_inner_oof,2,base,three_view_cls_logit_ensemble__c100__source0p5,three_view_cls_logit_ensemble,none,100.0,0.5,8,False,True,,1,1,True,1423,12,121,0.9276177090653549,0.924650961028666,0.9371302466249276,0.8867370470492494,0.56773031004947,0.6922499789308818,0.8970581813667791,"{""01_opishnyan_ceramics"":0.851063829787234,""02_ornek"":0.9857549857549858,""03_bubnivka_ceramics"":0.9,""04_petrykivka_painting"":0.9711538461538461,""05_kosiv_ceramics"":0.9776785714285714}","{""01_opishnyan_ceramics"":0.56773031004947,""02_ornek"":0.9855907780979827,""03_bubnivka_ceramics"":0.9263285024154589,""04_petrykivka_painting"":0.9782480893592005,""05_kosiv_ceramics"":0.9757875553241343}"
outer_inner_oof,2,specialist,three_view_cls_logit_ensemble__c100__source0p5__specialist_none,three_view_cls_logit_ensemble,none,100.0,0.5,8,False,True,,1,1,True,1423,12,121,0.9276177090653549,0.924650961028666,0.9371302466249276,0.8867370470492494,0.56773031004947,0.6922499789308818,0.8970581813667791,"{""01_opishnyan_ceramics"":0.851063829787234,""02_ornek"":0.9857549857549858,""03_bubnivka_ceramics"":0.9,""04_petrykivka_painting"":0.9711538461538461,""05_kosiv_ceramics"":0.9776785714285714}","{""01_opishnyan_ceramics"":0.56773031004947,""02_ornek"":0.9855907780979827,""03_bubnivka_ceramics"":0.9263285024154589,""04_petrykivka_painting"":0.9782480893592005,""05_kosiv_ceramics"":0.9757875553241343}"
outer_inner_oof,2,specialist,three_view_cls_logit_ensemble__c100__source0p5__specialist_three_way_conditional,three_view_cls_logit_ensemble,three_way_conditional,100.0,0.5,8,False,True,,2,2,False,1423,12,84,0.9262122276879832,0.9234994869605309,0.9362791827951403,0.8865038079580897,0.5665641145936713,0.6913114483425692,0.8967836856035614,"{""01_opishnyan_ceramics"":0.8468085106382979,""02_ornek"":0.9857549857549858,""03_bubnivka_ceramics"":0.9,""04_petrykivka_painting"":0.9711538461538461,""05_kosiv_ceramics"":0.9776785714285714}","{""01_opishnyan_ceramics"":0.5665641145936713,""02_ornek"":0.9855907780979827,""03_bubnivka_ceramics"":0.9263285024154589,""04_petrykivka_painting"":0.9782480893592005,""05_kosiv_ceramics"":0.9757875553241343}"
outer_inner_oof,3,base,global_cls__c10__source0,global_cls,none,10.0,0.0,6,True,True,,9,8,False,1351,4,89,0.9370836417468542,0.9370879608496828,0.9479975133478382,0.8749616205141239,0.5072921690581664,0.6422281952297657,0.8706230459090871,"{""01_opishnyan_ceramics"":0.8387909319899244,""02_ornek"":0.9857549857549858,""03_bubnivka_ceramics"":0.9532163742690059,""04_petrykivka_painting"":0.9711538461538461,""05_kosiv_ceramics"":0.9910714285714286}","{""01_opishnyan_ceramics"":0.5072921690581664,""02_ornek"":0.9855907780979827,""03_bubnivka_ceramics"":0.9166666666666666,""04_petrykivka_painting"":0.9711538461538461,""05_kosiv_ceramics"":0.9941046425939573}"
outer_inner_oof,3,base,global_cls__c10__source0p5,global_cls,none,10.0,0.5,6,False,True,,5,5,False,1351,4,82,0.9385640266469282,0.9385338991253324,0.9468292655684939,0.8892040012897182,0.5863635132643303,0.7067067783238882,0.8918546964640459,"{""01_opishnyan_ceramics"":0.8564231738035264,""02_ornek"":0.9829059829059829,""03_bubnivka_ceramics"":0.9415204678362573,""04_petrykivka_painting"":0.9711538461538461,""05_kosiv_ceramics"":0.9821428571428571}","{""01_opishnyan_ceramics"":0.5863635132643303,""02_ornek"":0.9827089337175793,""03_bubnivka_ceramics"":0.9229885057471264,""04_petrykivka_painting"":0.9711538461538461,""05_kosiv_ceramics"":0.9828052075657087}"
outer_inner_oof,3,base,global_cls__c100__source0,global_cls,none,100.0,0.0,6,False,True,,4,4,False,1351,4,104,0.9407846039970392,0.9420393103492206,0.9513632439648282,0.8951413855836228,0.578768067342465,0.7030001045233405,0.8934929496060585,"{""01_opishnyan_ceramics"":0.8463476070528967,""02_ornek"":0.9857549857549858,""03_bubnivka_ceramics"":0.9532163742690059,""04_petrykivka_painting"":0.9759615384615384,""05_kosiv_ceramics"":0.9955357142857143}","{""01_opishnyan_ceramics"":0.578768067342465,""02_ornek"":0.9855907780979827,""03_bubnivka_ceramics"":0.935632183908046,""04_petrykivka_painting"":0.9759615384615384,""05_kosiv_ceramics"":0.9997543601080816}"
outer_inner_oof,3,base,global_cls__c100__source0p5,global_cls,none,100.0,0.5,6,False,True,,2,2,False,1351,4,102,0.9437453737971873,0.9448574435596653,0.9528472485601611,0.8961961429210572,0.5831514601430213,0.7065521155899976,0.8946983440445356,"{""01_opishnyan_ceramics"":0.8564231738035264,""02_ornek"":0.9886039886039886,""03_bubnivka_ceramics"":0.9473684210526315,""04_petrykivka_painting"":0.9807692307692307,""05_kosiv_ceramics"":0.9910714285714286}","{""01_opishnyan_ceramics"":0.5831514601430213,""02_ornek"":0.9884726224783862,""03_bubnivka_ceramics"":0.9344827586206896,""04_petrykivka_painting"":0.9807692307692307,""05_kosiv_ceramics"":0.9941046425939573}"
outer_inner_oof,3,base,letterbox_cls_patch__c10__source0,letterbox_cls_patch,none,10.0,0.0,1,False,False,macro_f1_drop,12,,False,1351,4,109,0.8897113249444856,0.8922751107241437,0.9106162195516564,0.8429681492592659,0.4070898981921672,0.5490366127570193,0.8586429208147859,"{""01_opishnyan_ceramics"":0.7178841309823678,""02_ornek"":0.9658119658119658,""03_bubnivka_ceramics"":0.9298245614035088,""04_petrykivka_painting"":0.9663461538461539,""05_kosiv_ceramics"":0.9732142857142857}","{""01_opishnyan_ceramics"":0.4070898981921672,""02_ornek"":0.9654178674351584,""03_bubnivka_ceramics"":0.8990769766631835,""04_petrykivka_painting"":0.9663461538461539,""05_kosiv_ceramics"":0.9769098501596659}"
outer_inner_oof,3,base,letterbox_cls_patch__c10__source0p5,letterbox_cls_patch,none,10.0,0.5,1,False,False,macro_f1_drop|ornek_recall_drop,10,,False,1351,4,105,0.9030347890451518,0.9046035371904718,0.9161768005613291,0.8516175887319987,0.49106654155915247,0.6229326683691173,0.8688719094354056,"{""01_opishnyan_ceramics"":0.7808564231738035,""02_ornek"":0.9629629629629629,""03_bubnivka_ceramics"":0.9064327485380117,""04_petrykivka_painting"":0.9663461538461539,""05_kosiv_ceramics"":0.9642857142857143}","{""01_opishnyan_ceramics"":0.49106654155915247,""02_ornek"":0.962536023054755,""03_bubnivka_ceramics"":0.8617206548241031,""04_petrykivka_painting"":0.9663461538461539,""05_kosiv_ceramics"":0.9764185703758291}"
outer_inner_oof,3,base,letterbox_cls_patch__c100__source0,letterbox_cls_patch,none,100.0,0.0,1,False,False,macro_f1_drop,11,,False,1351,4,124,0.8911917098445595,0.8950640884339747,0.9112710350091036,0.8497881093417824,0.4454318532440004,0.5844917517378918,0.8654895104895106,"{""01_opishnyan_ceramics"":0.7178841309823678,""02_ornek"":0.9715099715099715,""03_bubnivka_ceramics"":0.9181286549707602,""04_petrykivka_painting"":0.9711538461538461,""05_kosiv_ceramics"":0.9776785714285714}","{""01_opishnyan_ceramics"":0.4454318532440004,""02_ornek"":0.9711815561959655,""03_bubnivka_ceramics"":0.8786137234413096,""04_petrykivka_painting"":0.9711538461538461,""05_kosiv_ceramics"":0.9825595676737903}"
outer_inner_oof,3,base,letterbox_cls_patch__c100__source0p5,letterbox_cls_patch,none,100.0,0.5,1,False,False,macro_f1_drop,8,,False,1351,4,119,0.9052553663952627,0.9075809460262642,0.9201770111164583,0.8653193676287341,0.526762822491368,0.6548723569392577,0.8805787126753897,"{""01_opishnyan_ceramics"":0.7682619647355163,""02_ornek"":0.9715099715099715,""03_bubnivka_ceramics"":0.9122807017543859,""04_petrykivka_painting"":0.9711538461538461,""05_kosiv_ceramics"":0.9776785714285714}","{""01_opishnyan_ceramics"":0.526762822491368,""02_ornek"":0.9711815561959655,""03_bubnivka_ceramics"":0.8749390456287008,""04_petrykivka_painting"":0.9711538461538461,""05_kosiv_ceramics"":0.9825595676737903}"
outer_inner_oof,3,base,three_view_cls_logit_ensemble__c10__source0,three_view_cls_logit_ensemble,none,10.0,0.0,8,False,True,,7,7,False,1351,12,92,0.9289415247964471,0.9294149606706451,0.9404711592891031,0.875694462882912,0.542501292029799,0.6699574101694595,0.8873087647960924,"{""01_opishnyan_ceramics"":0.8287153652392947,""02_ornek"":0.9743589743589743,""03_bubnivka_ceramics"":0.9415204678362573,""04_petrykivka_painting"":0.9711538461538461,""05_kosiv_ceramics"":0.9866071428571429}","{""01_opishnyan_ceramics"":0.542501292029799,""02_ornek"":0.9740634005763689,""03_bubnivka_ceramics"":0.9022988505747126,""04_petrykivka_painting"":0.9711538461538461,""05_kosiv_ceramics"":0.988454925079833}"
outer_inner_oof,3,base,three_view_cls_logit_ensemble__c10__source0p5,three_view_cls_logit_ensemble,none,10.0,0.5,8,False,True,,6,6,False,1351,12,92,0.9370836417468542,0.9372480377139574,0.945755686661162,0.8895629228349984,0.585635887748929,0.7062912039859834,0.8903872597563346,"{""01_opishnyan_ceramics"":0.853904282115869,""02_ornek"":0.98005698005698,""03_bubnivka_ceramics"":0.9415204678362573,""04_petrykivka_painting"":0.9711538461538461,""05_kosiv_ceramics"":0.9821428571428571}","{""01_opishnyan_ceramics"":0.585635887748929,""02_ornek"":0.9798270893371758,""03_bubnivka_ceramics"":0.9229885057471264,""04_petrykivka_painting"":0.9711538461538461,""05_kosiv_ceramics"":0.9882092851879145}"
outer_inner_oof,3,base,three_view_cls_logit_ensemble__c100__source0,three_view_cls_logit_ensemble,none,100.0,0.0,8,False,True,,3,3,False,1351,12,116,0.9393042190969653,0.9404727165181382,0.9500326307167086,0.895217931865379,0.5819186718849669,0.7053430652738114,0.8942448293053065,"{""01_opishnyan_ceramics"":0.8413098236775819,""02_ornek"":0.9886039886039886,""03_bubnivka_ceramics"":0.9532163742690059,""04_petrykivka_painting"":0.9759615384615384,""05_kosiv_ceramics"":0.9910714285714286}","{""01_opishnyan_ceramics"":0.5819186718849669,""02_ornek"":0.9884726224783862,""03_bubnivka_ceramics"":0.935632183908046,""04_petrykivka_painting"":0.9759615384615384,""05_kosiv_ceramics"":0.9941046425939573}"
outer_inner_oof,3,base,three_view_cls_logit_ensemble__c100__source0p5,three_view_cls_logit_ensemble,none,100.0,0.5,8,False,True,,1,1,True,1351,12,118,0.9415247964470762,0.9424770213368809,0.9506040790095543,0.8936572063353797,0.5848328744686018,0.7069917066829373,0.8949489706109516,"{""01_opishnyan_ceramics"":0.853904282115869,""02_ornek"":0.9857549857549858,""03_bubnivka_ceramics"":0.9415204678362573,""04_petrykivka_painting"":0.9807692307692307,""05_kosiv_ceramics"":0.9910714285714286}","{""01_opishnyan_ceramics"":0.5848328744686018,""02_ornek"":0.9855907780979827,""03_bubnivka_ceramics"":0.9229885057471264,""04_petrykivka_painting"":0.9807692307692307,""05_kosiv_ceramics"":0.9941046425939573}"
outer_inner_oof,3,specialist,three_view_cls_logit_ensemble__c100__source0p5__specialist_none,three_view_cls_logit_ensemble,none,100.0,0.5,8,False,True,,1,1,True,1351,12,118,0.9415247964470762,0.9424770213368809,0.9506040790095543,0.8936572063353797,0.5848328744686018,0.7069917066829373,0.8949489706109516,"{""01_opishnyan_ceramics"":0.853904282115869,""02_ornek"":0.9857549857549858,""03_bubnivka_ceramics"":0.9415204678362573,""04_petrykivka_painting"":0.9807692307692307,""05_kosiv_ceramics"":0.9910714285714286}","{""01_opishnyan_ceramics"":0.5848328744686018,""02_ornek"":0.9855907780979827,""03_bubnivka_ceramics"":0.9229885057471264,""04_petrykivka_painting"":0.9807692307692307,""05_kosiv_ceramics"":0.9941046425939573}"
outer_inner_oof,3,specialist,three_view_cls_logit_ensemble__c100__source0p5__specialist_three_way_conditional,three_view_cls_logit_ensemble,three_way_conditional,100.0,0.5,8,False,True,,2,2,False,1351,12,76,0.9378238341968912,0.9391118263235387,0.9474193750161535,0.8912488866856808,0.58428552909367,0.7058375890693677,0.8949489706109516,"{""01_opishnyan_ceramics"":0.8438287153652393,""02_ornek"":0.9857549857549858,""03_bubnivka_ceramics"":0.935672514619883,""04_petrykivka_painting"":0.9807692307692307,""05_kosiv_ceramics"":0.9910714285714286}","{""01_opishnyan_ceramics"":0.58428552909367,""02_ornek"":0.9855907780979827,""03_bubnivka_ceramics"":0.9114942528735632,""04_petrykivka_painting"":0.9807692307692307,""05_kosiv_ceramics"":0.9941046425939573}"
outer_inner_oof,4,base,global_cls__c10__source0,global_cls,none,10.0,0.0,6,True,True,,2,2,False,1356,4,89,0.950589970501475,0.9478808577251719,0.9537850434154083,0.8855954747041178,0.5806429330310031,0.701406744221744,0.8693356643356644,"{""01_opishnyan_ceramics"":0.9077306733167082,""02_ornek"":0.9801136363636364,""03_bubnivka_ceramics"":0.9415204678362573,""04_petrykivka_painting"":0.9663461538461539,""05_kosiv_ceramics"":0.9732142857142857}","{""01_opishnyan_ceramics"":0.5806429330310031,""02_ornek"":0.9801136363636364,""03_bubnivka_ceramics"":0.9134099616858238,""04_petrykivka_painting"":0.9779541446208112,""05_kosiv_ceramics"":0.9758566978193145}"
outer_inner_oof,4,base,global_cls__c10__source0p5,global_cls,none,10.0,0.5,6,False,True,,1,1,True,1356,4,84,0.950589970501475,0.9484764507834624,0.9531828872080219,0.8891049393300163,0.586844178717093,0.7070244516353044,0.8693356643356644,"{""01_opishnyan_ceramics"":0.9102244389027432,""02_ornek"":0.9801136363636364,""03_bubnivka_ceramics"":0.935672514619883,""04_petrykivka_painting"":0.9711538461538461,""05_kosiv_ceramics"":0.96875}","{""01_opishnyan_ceramics"":0.586844178717093,""02_ornek"":0.9801136363636364,""03_bubnivka_ceramics"":0.9241379310344828,""04_petrykivka_painting"":0.9832451499118164,""05_kosiv_ceramics"":0.9711838006230529}"
outer_inner_oof,4,base,global_cls__c100__source0,global_cls,none,100.0,0.0,6,False,True,,3,3,False,1356,4,104,0.9594395280235988,0.9574053297077512,0.9620160736071617,0.8691129209947988,0.4640563945694646,0.6050505421659489,0.8331818181818182,"{""01_opishnyan_ceramics"":0.9226932668329177,""02_ornek"":0.9829545454545454,""03_bubnivka_ceramics"":0.9415204678362573,""04_petrykivka_painting"":0.9807692307692307,""05_kosiv_ceramics"":0.9821428571428571}","{""01_opishnyan_ceramics"":0.4640563945694646,""02_ornek"":0.9829545454545454,""03_bubnivka_ceramics"":0.924521072796935,""04_petrykivka_painting"":0.9888300999412111,""05_kosiv_ceramics"":0.9852024922118379}"
outer_inner_oof,4,base,global_cls__c100__source0p5,global_cls,none,100.0,0.5,6,False,True,,4,4,False,1356,4,105,0.9564896755162242,0.9550238884055229,0.9600210611383337,0.8678063638581982,0.4614176898833462,0.6024886572739898,0.8331818181818182,"{""01_opishnyan_ceramics"":0.912718204488778,""02_ornek"":0.9829545454545454,""03_bubnivka_ceramics"":0.9415204678362573,""04_petrykivka_painting"":0.9807692307692307,""05_kosiv_ceramics"":0.9821428571428571}","{""01_opishnyan_ceramics"":0.4614176898833462,""02_ornek"":0.9829545454545454,""03_bubnivka_ceramics"":0.924521072796935,""04_petrykivka_painting"":0.9888300999412111,""05_kosiv_ceramics"":0.9813084112149533}"
outer_inner_oof,4,base,letterbox_cls_patch__c10__source0,letterbox_cls_patch,none,10.0,0.0,1,False,True,,9,9,False,1356,4,101,0.9542772861356932,0.9515225763156423,0.951603965353309,0.8492814425398665,0.4666175558312655,0.6023101034674329,0.8293356643356644,"{""01_opishnyan_ceramics"":0.9501246882793017,""02_ornek"":0.96875,""03_bubnivka_ceramics"":0.9181286549707602,""04_petrykivka_painting"":0.9567307692307693,""05_kosiv_ceramics"":0.9642857142857143}","{""01_opishnyan_ceramics"":0.4666175558312655,""02_ornek"":0.96875,""03_bubnivka_ceramics"":0.8760536398467433,""04_petrykivka_painting"":0.9723691945914168,""05_kosiv_ceramics"":0.9626168224299065}"
outer_inner_oof,4,base,letterbox_cls_patch__c10__source0p5,letterbox_cls_patch,none,10.0,0.5,1,False,True,,7,7,False,1356,4,108,0.9550147492625368,0.9522335726169475,0.9533751987428651,0.8564080601802495,0.4686724565756824,0.6058120458650168,0.8316083916083915,"{""01_opishnyan_ceramics"":0.942643391521197,""02_ornek"":0.9744318181818182,""03_bubnivka_ceramics"":0.9239766081871345,""04_petrykivka_painting"":0.9615384615384616,""05_kosiv_ceramics"":0.9642857142857143}","{""01_opishnyan_ceramics"":0.4686724565756824,""02_ornek"":0.9744318181818182,""03_bubnivka_ceramics"":0.8986590038314176,""04_petrykivka_painting"":0.977660199882422,""05_kosiv_ceramics"":0.9626168224299065}"
outer_inner_oof,4,base,letterbox_cls_patch__c100__source0,letterbox_cls_patch,none,100.0,0.0,1,False,True,,11,11,False,1356,4,122,0.9572271386430679,0.9549352003564842,0.9551963673403495,0.8555401527467981,0.46018145161290325,0.5984605072981882,0.8316083916083915,"{""01_opishnyan_ceramics"":0.942643391521197,""02_ornek"":0.9801136363636364,""03_bubnivka_ceramics"":0.9181286549707602,""04_petrykivka_painting"":0.9663461538461539,""05_kosiv_ceramics"":0.96875}","{""01_opishnyan_ceramics"":0.46018145161290325,""02_ornek"":0.9801136363636364,""03_bubnivka_ceramics"":0.8871647509578544,""04_petrykivka_painting"":0.9829512051734274,""05_kosiv_ceramics"":0.9672897196261683}"
outer_inner_oof,4,base,letterbox_cls_patch__c100__source0p5,letterbox_cls_patch,none,100.0,0.5,1,False,True,,6,6,False,1356,4,119,0.9601769911504425,0.9577998509225705,0.9589271588869634,0.8618788849483788,0.4642137096774194,0.6034209015207196,0.8316083916083915,"{""01_opishnyan_ceramics"":0.9451371571072319,""02_ornek"":0.9801136363636364,""03_bubnivka_ceramics"":0.9298245614035088,""04_petrykivka_painting"":0.9663461538461539,""05_kosiv_ceramics"":0.9732142857142857}","{""01_opishnyan_ceramics"":0.4642137096774194,""02_ornek"":0.9801136363636364,""03_bubnivka_ceramics"":0.9101532567049809,""04_petrykivka_painting"":0.9829512051734274,""05_kosiv_ceramics"":0.9719626168224299}"
outer_inner_oof,4,base,three_view_cls_logit_ensemble__c10__source0,three_view_cls_logit_ensemble,none,10.0,0.0,8,False,True,,12,12,False,1356,12,99,0.9491150442477876,0.9465092272762876,0.9522340701801589,0.8592145530154294,0.455164005827938,0.5950850844072068,0.8293356643356644,"{""01_opishnyan_ceramics"":0.9027431421446384,""02_ornek"":0.9801136363636364,""03_bubnivka_ceramics"":0.9298245614035088,""04_petrykivka_painting"":0.9663461538461539,""05_kosiv_ceramics"":0.9821428571428571}","{""01_opishnyan_ceramics"":0.455164005827938,""02_ornek"":0.9801136363636364,""03_bubnivka_ceramics"":0.9015325670498084,""04_petrykivka_painting"":0.9779541446208112,""05_kosiv_ceramics"":0.9813084112149533}"
outer_inner_oof,4,base,three_view_cls_logit_ensemble__c10__source0p5,three_view_cls_logit_ensemble,none,10.0,0.5,8,False,True,,10,10,False,1356,12,88,0.9520648967551623,0.9495893109492952,0.9534408745976866,0.859353768826751,0.46520587927706947,0.6036367274352862,0.8293356643356644,"{""01_opishnyan_ceramics"":0.9177057356608479,""02_ornek"":0.9801136363636364,""03_bubnivka_ceramics"":0.9298245614035088,""04_petrykivka_painting"":0.9663461538461539,""05_kosiv_ceramics"":0.9732142857142857}","{""01_opishnyan_ceramics"":0.46520587927706947,""02_ornek"":0.9801136363636364,""03_bubnivka_ceramics"":0.9015325670498084,""04_petrykivka_painting"":0.9779541446208112,""05_kosiv_ceramics"":0.9719626168224299}"
outer_inner_oof,4,base,three_view_cls_logit_ensemble__c100__source0,three_view_cls_logit_ensemble,none,100.0,0.0,8,False,True,,5,5,False,1356,12,109,0.9564896755162242,0.9542973062615335,0.95821734812416,0.8637860048415542,0.4623755442894764,0.602330122449937,0.8331818181818182,"{""01_opishnyan_ceramics"":0.9177057356608479,""02_ornek"":0.9857954545454546,""03_bubnivka_ceramics"":0.9298245614035088,""04_petrykivka_painting"":0.9711538461538461,""05_kosiv_ceramics"":0.9866071428571429}","{""01_opishnyan_ceramics"":0.4623755442894764,""02_ornek"":0.9857954545454546,""03_bubnivka_ceramics"":0.9015325670498084,""04_petrykivka_painting"":0.9832451499118164,""05_kosiv_ceramics"":0.985981308411215}"
outer_inner_oof,4,base,three_view_cls_logit_ensemble__c100__source0p5,three_view_cls_logit_ensemble,none,100.0,0.5,8,False,True,,8,8,False,1356,12,117,0.9550147492625368,0.9524563288078278,0.956825737864096,0.8626110407869172,0.46117362121255334,0.6010244245869517,0.8293356643356644,"{""01_opishnyan_ceramics"":0.9152119700748129,""02_ornek"":0.9857954545454546,""03_bubnivka_ceramics"":0.9298245614035088,""04_petrykivka_painting"":0.9711538461538461,""05_kosiv_ceramics"":0.9821428571428571}","{""01_opishnyan_ceramics"":0.46117362121255334,""02_ornek"":0.9857954545454546,""03_bubnivka_ceramics"":0.9015325670498084,""04_petrykivka_painting"":0.9832451499118164,""05_kosiv_ceramics"":0.9813084112149533}"
outer_inner_oof,4,specialist,global_cls__c10__source0p5__specialist_none,global_cls,none,10.0,0.5,6,False,True,,1,1,True,1356,4,84,0.950589970501475,0.9484764507834624,0.9531828872080219,0.8891049393300163,0.586844178717093,0.7070244516353044,0.8693356643356644,"{""01_opishnyan_ceramics"":0.9102244389027432,""02_ornek"":0.9801136363636364,""03_bubnivka_ceramics"":0.935672514619883,""04_petrykivka_painting"":0.9711538461538461,""05_kosiv_ceramics"":0.96875}","{""01_opishnyan_ceramics"":0.586844178717093,""02_ornek"":0.9801136363636364,""03_bubnivka_ceramics"":0.9241379310344828,""04_petrykivka_painting"":0.9832451499118164,""05_kosiv_ceramics"":0.9711838006230529}"
outer_inner_oof,4,specialist,global_cls__c10__source0p5__specialist_three_way_conditional,global_cls,three_way_conditional,10.0,0.5,6,False,True,,2,2,False,1356,4,64,0.948377581120944,0.9458907461692597,0.951015790330333,0.8609996371424005,0.4578119206525769,0.5977744056480475,0.8293356643356644,"{""01_opishnyan_ceramics"":0.9052369077306733,""02_ornek"":0.9801136363636364,""03_bubnivka_ceramics"":0.9298245614035088,""04_petrykivka_painting"":0.9711538461538461,""05_kosiv_ceramics"":0.96875}","{""01_opishnyan_ceramics"":0.4578119206525769,""02_ornek"":0.9801136363636364,""03_bubnivka_ceramics"":0.9126436781609196,""04_petrykivka_painting"":0.9832451499118164,""05_kosiv_ceramics"":0.9711838006230529}"
