representation,metric_status,c_value,cv_fold,train_examples,validation_examples,iterations,max_iterations,converged,accuracy,balanced_accuracy,macro_precision,macro_recall,macro_f1,top_3_accuracy
clip_vit_b32__model_pool__center_crop,exploratory_candidate_cv,10.0,0,1193,500,60,3000,True,0.96,0.9373059333965509,0.9534087257446545,0.9373059333965509,0.9435144040405732,0.998
clip_vit_b32__model_pool__center_crop,exploratory_candidate_cv,10.0,1,1449,244,71,3000,True,0.9467213114754098,0.8908291708291708,0.8813773381059772,0.8908291708291708,0.8855499026668101,0.9918032786885246
clip_vit_b32__model_pool__center_crop,exploratory_candidate_cv,10.0,2,1423,270,75,3000,True,0.9222222222222223,0.9114396668597718,0.9283997469955724,0.9114396668597718,0.9159561638831815,0.9962962962962963
clip_vit_b32__model_pool__center_crop,exploratory_candidate_cv,10.0,3,1351,342,57,3000,True,0.8508771929824561,0.8549367299367299,0.8394975030623861,0.8549367299367299,0.8443112284337856,0.9970760233918129
clip_vit_b32__model_pool__center_crop,exploratory_candidate_cv,10.0,4,1356,337,66,3000,True,0.7418397626112759,0.8127011494252873,0.7905097394252844,0.8127011494252873,0.7293013699807837,0.9258160237388724
convnext_tiny_in22k__model_pool__center_crop,exploratory_candidate_cv,10.0,0,1193,500,42,3000,True,0.964,0.9537807510141111,0.9622335151127448,0.9537807510141111,0.9567980963587688,1.0
convnext_tiny_in22k__model_pool__center_crop,exploratory_candidate_cv,10.0,1,1449,244,41,3000,True,0.9508196721311475,0.8514227632832284,0.8465990534144693,0.8514227632832284,0.8487771855803613,0.9959016393442623
convnext_tiny_in22k__model_pool__center_crop,exploratory_candidate_cv,10.0,2,1423,270,47,3000,True,0.9222222222222223,0.9098742967460145,0.9044163630880677,0.9098742967460145,0.9064404980690524,1.0
convnext_tiny_in22k__model_pool__center_crop,exploratory_candidate_cv,10.0,3,1351,342,46,3000,True,0.8567251461988304,0.8833832833832835,0.8536745852187029,0.8833832833832835,0.8557764775186827,0.9912280701754386
convnext_tiny_in22k__model_pool__center_crop,exploratory_candidate_cv,10.0,4,1356,337,42,3000,True,0.798219584569733,0.8392673992673993,0.8168148193207129,0.8392673992673993,0.7973914363023418,0.9881305637982196
dinov2_small_reg4__model_pool__center_crop,exploratory_candidate_cv,10.0,0,1193,500,52,3000,True,0.964,0.949773130727421,0.9691621318603187,0.949773130727421,0.9573412279040626,0.998
dinov2_small_reg4__model_pool__center_crop,exploratory_candidate_cv,10.0,1,1449,244,51,3000,True,0.9795081967213115,0.9108033826638477,0.9361534349104517,0.9108033826638477,0.9217448271842397,0.9959016393442623
dinov2_small_reg4__model_pool__center_crop,exploratory_candidate_cv,10.0,2,1423,270,51,3000,True,0.9185185185185185,0.9041991579313409,0.90575473255558,0.9041991579313409,0.9046193716923756,0.9962962962962963
dinov2_small_reg4__model_pool__center_crop,exploratory_candidate_cv,10.0,3,1351,342,46,3000,True,0.7894736842105263,0.8221195471195472,0.8011814574314574,0.8221195471195472,0.7932224092685523,0.9883040935672515
dinov2_small_reg4__model_pool__center_crop,exploratory_candidate_cv,10.0,4,1356,337,50,3000,True,0.8724035608308606,0.9065671340154099,0.8824554528002804,0.9065671340154099,0.8751973699974707,0.9821958456973294
dinov3_vits16__cls__center_crop,exploratory_candidate_cv,10.0,0,1193,500,40,3000,True,0.972,0.9453432315701763,0.970714334191378,0.9453432315701763,0.9558675979581759,1.0
dinov3_vits16__cls__center_crop,exploratory_candidate_cv,10.0,1,1449,244,50,3000,True,0.9754098360655737,0.9473376623376624,0.9410321519912312,0.9473376623376624,0.9439066515740542,0.9918032786885246
dinov3_vits16__cls__center_crop,exploratory_candidate_cv,10.0,2,1423,270,48,3000,True,0.9666666666666667,0.9650844092141917,0.9624633431085045,0.9650844092141917,0.9627118160919892,1.0
dinov3_vits16__cls__center_crop,exploratory_candidate_cv,10.0,3,1351,342,38,3000,True,0.8538011695906432,0.8700715950715951,0.8474647887952482,0.8700715950715951,0.8504479648195856,0.9912280701754386
dinov3_vits16__cls__center_crop,exploratory_candidate_cv,10.0,4,1356,337,41,3000,True,0.8545994065281899,0.8964374131615511,0.8658562091503269,0.8964374131615511,0.8543781360805995,0.9910979228486647
dinov3_vits16__cls__global_fivecrop,exploratory_candidate_cv,10.0,0,1193,500,45,3000,True,0.974,0.956959143947917,0.972048807048807,0.956959143947917,0.9631040315666797,0.998
dinov3_vits16__cls__global_fivecrop,exploratory_candidate_cv,10.0,1,1449,244,42,3000,True,0.9713114754098361,0.9070629370629371,0.9260821716801173,0.9070629370629371,0.9143427621511065,0.9959016393442623
dinov3_vits16__cls__global_fivecrop,exploratory_candidate_cv,10.0,2,1423,270,38,3000,True,0.9777777777777777,0.9745557518250691,0.9725279106858054,0.9745557518250691,0.9732138858792782,1.0
dinov3_vits16__cls__global_fivecrop,exploratory_candidate_cv,10.0,3,1351,342,43,3000,True,0.8742690058479532,0.8911338661338661,0.8699093048525454,0.8911338661338661,0.8722716897088029,0.9941520467836257
dinov3_vits16__cls__global_fivecrop,exploratory_candidate_cv,10.0,4,1356,337,50,3000,True,0.857566765578635,0.8987362637362637,0.8675618073316282,0.8987362637362637,0.8572150989560872,0.9881305637982196
dinov3_vits16__cls__letterbox,exploratory_candidate_cv,10.0,0,1193,500,37,3000,True,0.968,0.9397738010007457,0.9685694730346682,0.9397738010007457,0.9520897268379629,0.998
dinov3_vits16__cls__letterbox,exploratory_candidate_cv,10.0,1,1449,244,51,3000,True,0.9672131147540983,0.867062937062937,0.877707028838522,0.867062937062937,0.8709164495317318,0.9959016393442623
dinov3_vits16__cls__letterbox,exploratory_candidate_cv,10.0,2,1423,270,47,3000,True,0.9629629629629629,0.9630864072161897,0.9605003523608175,0.9630864072161897,0.9610879574541891,1.0
dinov3_vits16__cls__letterbox,exploratory_candidate_cv,10.0,3,1351,342,51,3000,True,0.9064327485380117,0.9146103896103897,0.8981604472101845,0.9146103896103897,0.9025951481910669,0.9970760233918129
dinov3_vits16__cls__letterbox,exploratory_candidate_cv,10.0,4,1356,337,42,3000,True,0.8130563798219584,0.8641040798282178,0.8288984032431538,0.8641040798282178,0.8110053785454087,0.9910979228486647
dinov3_vits16__cls_patch_concat__center_crop,exploratory_candidate_cv,10.0,0,1193,500,52,3000,True,0.978,0.9554118406764758,0.9758510955307294,0.9554118406764758,0.9644194905100683,1.0
dinov3_vits16__cls_patch_concat__center_crop,exploratory_candidate_cv,10.0,1,1449,244,47,3000,True,0.9713114754098361,0.9073376623376623,0.9287339303770041,0.9073376623376623,0.916123780004059,0.9918032786885246
dinov3_vits16__cls_patch_concat__center_crop,exploratory_candidate_cv,10.0,2,1423,270,53,3000,True,0.9629629629629629,0.961512980642763,0.9598204692752921,0.961512980642763,0.9597860025946613,1.0
dinov3_vits16__cls_patch_concat__center_crop,exploratory_candidate_cv,10.0,3,1351,342,50,3000,True,0.868421052631579,0.8808774558774559,0.8614990557150923,0.8808774558774559,0.8645700829314645,0.9883040935672515
dinov3_vits16__cls_patch_concat__center_crop,exploratory_candidate_cv,10.0,4,1356,337,41,3000,True,0.8308605341246291,0.8801385625868384,0.8503180536428617,0.8801385625868384,0.8312679759282051,0.9881305637982196
dinov3_vits16__cls_patch_concat__global_fivecrop,exploratory_candidate_cv,10.0,0,1193,500,48,3000,True,0.98,0.9592579945226296,0.9766000297397397,0.9592579945226296,0.9667773559122137,0.998
dinov3_vits16__cls_patch_concat__global_fivecrop,exploratory_candidate_cv,10.0,1,1449,244,54,3000,True,0.9713114754098361,0.9070629370629371,0.9260821716801173,0.9070629370629371,0.9143427621511065,0.9918032786885246
dinov3_vits16__cls_patch_concat__global_fivecrop,exploratory_candidate_cv,10.0,2,1423,270,56,3000,True,0.9777777777777777,0.9745557518250691,0.9725279106858054,0.9745557518250691,0.9732138858792782,1.0
dinov3_vits16__cls_patch_concat__global_fivecrop,exploratory_candidate_cv,10.0,3,1351,342,50,3000,True,0.8976608187134503,0.9055111555111555,0.8895045909006372,0.9055111555111555,0.8930916318830084,0.9941520467836257
dinov3_vits16__cls_patch_concat__global_fivecrop,exploratory_candidate_cv,10.0,4,1356,337,40,3000,True,0.8011869436201781,0.8604374131615511,0.8321649801854487,0.8604374131615511,0.7984193861128236,0.9762611275964391
dinov3_vits16__cls_patch_concat__letterbox,exploratory_candidate_cv,10.0,0,1193,500,58,3000,True,0.964,0.9289650316715272,0.9591528817765562,0.9289650316715272,0.9414693276363106,1.0
dinov3_vits16__cls_patch_concat__letterbox,exploratory_candidate_cv,10.0,1,1449,244,52,3000,True,0.9713114754098361,0.8693356643356644,0.9110677219529769,0.8693356643356644,0.8832102063142268,0.9877049180327869
dinov3_vits16__cls_patch_concat__letterbox,exploratory_candidate_cv,10.0,2,1423,270,46,3000,True,0.9666666666666667,0.9677375700068873,0.9661821705426357,0.9677375700068873,0.9665311588311253,1.0
dinov3_vits16__cls_patch_concat__letterbox,exploratory_candidate_cv,10.0,3,1351,342,47,3000,True,0.9385964912280702,0.9377622377622379,0.9353218770152878,0.9377622377622379,0.9358995377331167,0.9970760233918129
dinov3_vits16__cls_patch_concat__letterbox,exploratory_candidate_cv,10.0,4,1356,337,49,3000,True,0.771513353115727,0.8333421750663129,0.7977429830371008,0.8333421750663129,0.7655897826403786,0.9703264094955489
dinov3_vits16__patch_mean__center_crop,exploratory_candidate_cv,10.0,0,1193,500,62,3000,True,0.972,0.9386532072578584,0.9729483282674772,0.9386532072578584,0.9524221445765031,0.998
dinov3_vits16__patch_mean__center_crop,exploratory_candidate_cv,10.0,1,1449,244,66,3000,True,0.9631147540983607,0.8999200799200799,0.8793170911775563,0.8999200799200799,0.8885642981056439,0.9918032786885246
dinov3_vits16__patch_mean__center_crop,exploratory_candidate_cv,10.0,2,1423,270,62,3000,True,0.937037037037037,0.9370352078529123,0.9336114911080712,0.9370352078529123,0.9344257063068945,0.9925925925925926
dinov3_vits16__patch_mean__center_crop,exploratory_candidate_cv,10.0,3,1351,342,55,3000,True,0.8450292397660819,0.857925407925408,0.8410690151766922,0.857925407925408,0.8430818729054884,0.97953216374269
dinov3_vits16__patch_mean__center_crop,exploratory_candidate_cv,10.0,4,1356,337,65,3000,True,0.7537091988130564,0.8216602248326387,0.7938731856378916,0.8216602248326387,0.7484709008675262,0.9080118694362018
dinov3_vits16__patch_mean__global_fivecrop,exploratory_candidate_cv,10.0,0,1193,500,74,3000,True,0.966,0.9297313151964314,0.9620398377285275,0.9297313151964314,0.942679345580574,0.998
dinov3_vits16__patch_mean__global_fivecrop,exploratory_candidate_cv,10.0,1,1449,244,69,3000,True,0.9631147540983607,0.8647902097902097,0.8576790176340401,0.8647902097902097,0.8608311632776054,0.9918032786885246
dinov3_vits16__patch_mean__global_fivecrop,exploratory_candidate_cv,10.0,2,1423,270,71,3000,True,0.9222222222222223,0.911228756240009,0.9203612479474549,0.911228756240009,0.9148101062207061,0.9962962962962963
dinov3_vits16__patch_mean__global_fivecrop,exploratory_candidate_cv,10.0,3,1351,342,65,3000,True,0.8801169590643275,0.882026307026307,0.8748412771646835,0.882026307026307,0.8764588948693481,0.9941520467836257
dinov3_vits16__patch_mean__global_fivecrop,exploratory_candidate_cv,10.0,4,1356,337,63,3000,True,0.7596439169139466,0.8256602248326386,0.8013631885356023,0.8256602248326386,0.7552243353057003,0.8753709198813057
dinov3_vits16__patch_mean__letterbox,exploratory_candidate_cv,10.0,0,1193,500,76,3000,True,0.952,0.90434507353112,0.9504074492502992,0.90434507353112,0.9223604710837096,0.998
dinov3_vits16__patch_mean__letterbox,exploratory_candidate_cv,10.0,1,1449,244,71,3000,True,0.9385245901639344,0.8089810189810189,0.8000609756097561,0.8089810189810189,0.8033138026594937,0.9918032786885246
dinov3_vits16__patch_mean__letterbox,exploratory_candidate_cv,10.0,2,1423,270,58,3000,True,0.9074074074074074,0.9016360983352731,0.9153061634793976,0.9016360983352731,0.9053324992253804,0.9962962962962963
dinov3_vits16__patch_mean__letterbox,exploratory_candidate_cv,10.0,3,1351,342,65,3000,True,0.9064327485380117,0.8957792207792206,0.905890212945186,0.8957792207792206,0.8985425905702005,0.9912280701754386
dinov3_vits16__patch_mean__letterbox,exploratory_candidate_cv,10.0,4,1356,337,65,3000,True,0.7299703264094956,0.8060170519136036,0.7716463136539267,0.8060170519136036,0.7174723933064622,0.857566765578635
mobilenetv3_large__model_pool__center_crop,exploratory_candidate_cv,10.0,0,1193,500,60,3000,True,0.928,0.8999988917791646,0.9112583767380164,0.8999988917791646,0.9033216618267561,0.994
mobilenetv3_large__model_pool__center_crop,exploratory_candidate_cv,10.0,1,1449,244,44,3000,True,0.9262295081967213,0.869000999000999,0.8494625647007364,0.869000999000999,0.8581461028562554,0.9918032786885246
mobilenetv3_large__model_pool__center_crop,exploratory_candidate_cv,10.0,2,1423,270,53,3000,True,0.9259259259259259,0.9105655409856459,0.9195252525252526,0.9105655409856459,0.913862253365296,0.9925925925925926
mobilenetv3_large__model_pool__center_crop,exploratory_candidate_cv,10.0,3,1351,342,44,3000,True,0.8421052631578947,0.8541125541125542,0.8317943437032984,0.8541125541125542,0.8376114457092964,0.9941520467836257
mobilenetv3_large__model_pool__center_crop,exploratory_candidate_cv,10.0,4,1356,337,39,3000,True,0.7833827893175074,0.8264572439055197,0.7993525845827307,0.8264572439055197,0.7865238779642741,0.9554896142433235
